found package at /kaggle/input/datasets/nullpointeranish/daystorm-src/src

==========================================================================
hardware
==========================================================================
torch 2.10.0+cu128  cuda 12.8  devices 2
  [0] Tesla T4  15.6 GB  sm_75
  [1] Tesla T4  15.6 GB  sm_75
bf16 supported: True
stage A checkpoint: /kaggle/input/datasets/nullpointeranish/daystorm-src/ckpt
sections: smoke dist real

### section 1/3: smoke

==========================================================================
smoke: 20-step distributed dry run (fails fast, before anything costly)
==========================================================================
$ /usr/bin/python3 -m daystorm.train.stage_b --backbone tiny --steps 20 --batch 4 --scenes 12 --ckpt-every 10 --stage-a /kaggle/input/datasets/nullpointeranish/daystorm-src/ckpt --shard none --out /kaggle/working/smoke_1gpu --dist-precision fp16
/kaggle/working/daystorm/src/daystorm/train/backbone.py:41: UserWarning: enable_nested_tensor is True, but self.use_nested_tensor is False because encoder_layer.norm_first was True
  self.body = nn.TransformerEncoder(layer, layers)
[rank 0/1] train 180 / val 36 | backbone tiny d_model=192
trainable: LoRA 0.12 M + fusion 1.58 M | frozen backbone 2.1 M (45.1% trainable)
  step     1/20  loss 0.0318  1550 ms/step  2s
  step     2/20  loss 0.0596  793 ms/step  2s
  step     4/20  loss 0.0633  414 ms/step  2s
  step     6/20  loss 0.0529  288 ms/step  2s
  step     8/20  loss 0.0543  223 ms/step  2s
  step    10/20  loss 0.0665  184 ms/step  2s
  step    12/20  loss 0.0714  160 ms/step  2s
  step    14/20  loss 0.0467  141 ms/step  2s
  step    16/20  loss 0.1135  127 ms/step  2s
  step    18/20  loss 0.0902  116 ms/step  2s
  step    20/20  loss 0.0467  107 ms/step  2s

saved LoRA adapters + fusion stack to /kaggle/working/smoke_1gpu
world_size=1  20 steps in 2s  (110 ms/step, 4 windows/step)
$ /usr/bin/python3 -m torch.distributed.run --nproc_per_node=2 --standalone -m daystorm.train.stage_b --backbone tiny --steps 20 --batch 4 --scenes 12 --ckpt-every 10 --stage-a /kaggle/input/datasets/nullpointeranish/daystorm-src/ckpt --shard ddp --out /kaggle/working/smoke_ddp --dist-precision fp16

*****************************************
Setting OMP_NUM_THREADS environment variable for each process to be 1 in default, to avoid your system being overloaded, please further tune the variable for optimal performance in your application as needed. 
*****************************************
[W909 07:42:42.219908365 socket.cpp:207] [c10d] The hostname of the client socket cannot be retrieved. err=-3
[W909 07:42:43.126972567 socket.cpp:207] [c10d] The hostname of the client socket cannot be retrieved. err=-3
[W909 07:42:43.142288929 socket.cpp:207] [c10d] The hostname of the client socket cannot be retrieved. err=-3
/kaggle/working/daystorm/src/daystorm/train/backbone.py:41: UserWarning: enable_nested_tensor is True, but self.use_nested_tensor is False because encoder_layer.norm_first was True
  self.body = nn.TransformerEncoder(layer, layers)
/kaggle/working/daystorm/src/daystorm/train/backbone.py:41: UserWarning: enable_nested_tensor is True, but self.use_nested_tensor is False because encoder_layer.norm_first was True
  self.body = nn.TransformerEncoder(layer, layers)
[rank 0/2] train 180 / val 36 | backbone tiny d_model=192
trainable: LoRA 0.12 M + fusion 1.58 M | frozen backbone 2.1 M (45.1% trainable)
[rank 1/2] train 180 / val 36 | backbone tiny d_model=192
trainable: LoRA 0.12 M + fusion 1.58 M | frozen backbone 2.1 M (45.1% trainable)
  step     1/20  loss 0.0348  653 ms/step  1s
  step     2/20  loss 0.0859  346 ms/step  1s
  step     4/20  loss 0.0493  191 ms/step  1s
  step     6/20  loss 0.0637  140 ms/step  1s
  step     8/20  loss 0.0486  114 ms/step  1s
  step    10/20  loss 0.0426  98 ms/step  1s
  step    12/20  loss 0.0900  89 ms/step  1s
  step    14/20  loss 0.0496  81 ms/step  1s
  step    16/20  loss 0.0833  75 ms/step  1s
  step    18/20  loss 0.0656  70 ms/step  1s
  step    20/20  loss 0.0570  66 ms/step  1s

saved LoRA adapters + fusion stack to /kaggle/working/smoke_ddp
world_size=2  20 steps in 1s  (70 ms/step, 8 windows/step)
/usr/local/lib/python3.12/dist-packages/torch/distributed/c10d_logger.py:83: UserWarning: barrier(): using the device under current context. You can specify `device_id` in `init_process_group` to mute this warning.
  return func(*args, **kwargs)
$ /usr/bin/python3 -m torch.distributed.run --nproc_per_node=2 --standalone -m daystorm.train.stage_b --backbone tiny --steps 20 --batch 4 --scenes 12 --ckpt-every 10 --stage-a /kaggle/input/datasets/nullpointeranish/daystorm-src/ckpt --shard fsdp --out /kaggle/working/smoke_fsdp --dist-precision fp16

*****************************************
Setting OMP_NUM_THREADS environment variable for each process to be 1 in default, to avoid your system being overloaded, please further tune the variable for optimal performance in your application as needed. 
*****************************************
[W909 07:42:57.047176380 socket.cpp:207] [c10d] The hostname of the client socket cannot be retrieved. err=-3
[W909 07:42:59.071543182 socket.cpp:207] [c10d] The hostname of the client socket cannot be retrieved. err=-3
[W909 07:42:59.088175276 socket.cpp:207] [c10d] The hostname of the client socket cannot be retrieved. err=-3
/kaggle/working/daystorm/src/daystorm/train/backbone.py:41: UserWarning: enable_nested_tensor is True, but self.use_nested_tensor is False because encoder_layer.norm_first was True
  self.body = nn.TransformerEncoder(layer, layers)
/kaggle/working/daystorm/src/daystorm/train/backbone.py:41: UserWarning: enable_nested_tensor is True, but self.use_nested_tensor is False because encoder_layer.norm_first was True
  self.body = nn.TransformerEncoder(layer, layers)
[rank 0/2] train 180 / val 36 | backbone tiny d_model=192
trainable: LoRA 0.12 M + fusion 1.58 M | frozen backbone 2.1 M (45.1% trainable)
[rank 1/2] train 180 / val 36 | backbone tiny d_model=192
trainable: LoRA 0.12 M + fusion 1.58 M | frozen backbone 2.1 M (45.1% trainable)
  step     1/20  loss 0.0418  893 ms/step  1s
  step     2/20  loss 0.0921  471 ms/step  1s
  step     4/20  loss 0.0536  256 ms/step  1s
  step     6/20  loss 0.0637  184 ms/step  1s
  step     8/20  loss 0.0422  148 ms/step  1s
  step    10/20  loss 0.0382  126 ms/step  1s
/usr/local/lib/python3.12/dist-packages/torch/distributed/fsdp/fully_sharded_data_parallel.py:822: FutureWarning: FSDP.state_dict_type() and FSDP.set_state_dict_type() are being deprecated. Please use APIs, get_state_dict() and set_state_dict(), which can support different parallelisms, FSDP1, FSDP2, DDP. API doc: https://pytorch.org/docs/stable/distributed.checkpoint.html#torch.distributed.checkpoint.state_dict.get_state_dict .Tutorial: https://pytorch.org/tutorials/recipes/distributed_checkpoint_recipe.html .
  prev_state_dict_settings = FullyShardedDataParallel.set_state_dict_type(
/usr/local/lib/python3.12/dist-packages/torch/distributed/fsdp/fully_sharded_data_parallel.py:822: FutureWarning: FSDP.state_dict_type() and FSDP.set_state_dict_type() are being deprecated. Please use APIs, get_state_dict() and set_state_dict(), which can support different parallelisms, FSDP1, FSDP2, DDP. API doc: https://pytorch.org/docs/stable/distributed.checkpoint.html#torch.distributed.checkpoint.state_dict.get_state_dict .Tutorial: https://pytorch.org/tutorials/recipes/distributed_checkpoint_recipe.html .
  prev_state_dict_settings = FullyShardedDataParallel.set_state_dict_type(
/usr/local/lib/python3.12/dist-packages/torch/distributed/fsdp/fully_sharded_data_parallel.py:829: FutureWarning: FSDP.state_dict_type() and FSDP.set_state_dict_type() are being deprecated. Please use APIs, get_state_dict() and set_state_dict(), which can support different parallelisms, FSDP1, FSDP2, DDP. API doc: https://pytorch.org/docs/stable/distributed.checkpoint.html#torch.distributed.checkpoint.state_dict.get_state_dict .Tutorial: https://pytorch.org/tutorials/recipes/distributed_checkpoint_recipe.html .
  FullyShardedDataParallel.set_state_dict_type(
/usr/local/lib/python3.12/dist-packages/torch/distributed/fsdp/fully_sharded_data_parallel.py:829: FutureWarning: FSDP.state_dict_type() and FSDP.set_state_dict_type() are being deprecated. Please use APIs, get_state_dict() and set_state_dict(), which can support different parallelisms, FSDP1, FSDP2, DDP. API doc: https://pytorch.org/docs/stable/distributed.checkpoint.html#torch.distributed.checkpoint.state_dict.get_state_dict .Tutorial: https://pytorch.org/tutorials/recipes/distributed_checkpoint_recipe.html .
  FullyShardedDataParallel.set_state_dict_type(
  step    12/20  loss 0.0839  116 ms/step  1s
  step    14/20  loss 0.0521  105 ms/step  1s
  step    16/20  loss 0.0836  97 ms/step  2s
  step    18/20  loss 0.0635  90 ms/step  2s
  step    20/20  loss 0.0571  85 ms/step  2s

saved LoRA adapters + fusion stack to /kaggle/working/smoke_fsdp
world_size=2  20 steps in 2s  (90 ms/step, 8 windows/step)
/usr/local/lib/python3.12/dist-packages/torch/distributed/c10d_logger.py:83: UserWarning: barrier(): using the device under current context. You can specify `device_id` in `init_process_group` to mute this warning.
  return func(*args, **kwargs)
smoke: PASS

### section 2/3: dist

==========================================================================
distributed Stage B: 1 GPU vs DDP vs FSDP
==========================================================================
>>> single-GPU baseline
$ /usr/bin/python3 -m daystorm.train.stage_b --backbone tiny --steps 300 --batch 16 --scenes 60 --ckpt-every 301 --stage-a /kaggle/input/datasets/nullpointeranish/daystorm-src/ckpt --shard none --out /kaggle/working/sb_1gpu --dist-precision fp16
/kaggle/working/daystorm/src/daystorm/train/backbone.py:41: UserWarning: enable_nested_tensor is True, but self.use_nested_tensor is False because encoder_layer.norm_first was True
  self.body = nn.TransformerEncoder(layer, layers)
[rank 0/1] train 864 / val 216 | backbone tiny d_model=192
trainable: LoRA 0.12 M + fusion 1.58 M | frozen backbone 2.1 M (45.1% trainable)
  step     1/300  loss 0.0739  707 ms/step  1s
  step    30/300  loss 0.0501  85 ms/step  3s
  step    60/300  loss 0.0647  73 ms/step  4s
  step    90/300  loss 0.1096  69 ms/step  6s
  step   120/300  loss 0.0735  67 ms/step  8s
  step   150/300  loss 0.0718  65 ms/step  10s
  step   180/300  loss 0.0670  65 ms/step  12s
  step   210/300  loss 0.1078  64 ms/step  13s
  step   240/300  loss 0.0758  64 ms/step  15s
  step   270/300  loss 0.0633  64 ms/step  17s
  step   300/300  loss 0.0982  63 ms/step  19s

saved LoRA adapters + fusion stack to /kaggle/working/sb_1gpu
world_size=1  300 steps in 19s  (63 ms/step, 16 windows/step)

>>> 2 GPU, DDP [fp32]
$ /usr/bin/python3 -m torch.distributed.run --nproc_per_node=2 --standalone -m daystorm.train.stage_b --backbone tiny --steps 300 --batch 16 --scenes 60 --ckpt-every 301 --stage-a /kaggle/input/datasets/nullpointeranish/daystorm-src/ckpt --shard ddp --out /kaggle/working/sb_ddp --dist-precision fp32

*****************************************
Setting OMP_NUM_THREADS environment variable for each process to be 1 in default, to avoid your system being overloaded, please further tune the variable for optimal performance in your application as needed. 
*****************************************
[W909 07:43:44.558373766 socket.cpp:207] [c10d] The hostname of the client socket cannot be retrieved. err=-3
[W909 07:43:46.467189281 socket.cpp:207] [c10d] The hostname of the client socket cannot be retrieved. err=-3
[W909 07:43:46.483782696 socket.cpp:207] [c10d] The hostname of the client socket cannot be retrieved. err=-3
/kaggle/working/daystorm/src/daystorm/train/backbone.py:41: UserWarning: enable_nested_tensor is True, but self.use_nested_tensor is False because encoder_layer.norm_first was True
  self.body = nn.TransformerEncoder(layer, layers)
/kaggle/working/daystorm/src/daystorm/train/backbone.py:41: UserWarning: enable_nested_tensor is True, but self.use_nested_tensor is False because encoder_layer.norm_first was True
  self.body = nn.TransformerEncoder(layer, layers)
[rank 0/2] train 864 / val 216 | backbone tiny d_model=192
trainable: LoRA 0.12 M + fusion 1.58 M | frozen backbone 2.1 M (45.1% trainable)
[rank 1/2] train 864 / val 216 | backbone tiny d_model=192
trainable: LoRA 0.12 M + fusion 1.58 M | frozen backbone 2.1 M (45.1% trainable)
  step     1/300  loss 0.0697  719 ms/step  1s
  step    30/300  loss 0.0512  89 ms/step  3s
  step    60/300  loss 0.0704  77 ms/step  5s
  step    90/300  loss 0.0822  72 ms/step  7s
  step   120/300  loss 0.0610  70 ms/step  8s
  step   150/300  loss 0.0723  69 ms/step  10s
  step   180/300  loss 0.0598  68 ms/step  12s
  step   210/300  loss 0.0859  68 ms/step  14s
  step   240/300  loss 0.0654  67 ms/step  16s
  step   270/300  loss 0.0579  67 ms/step  18s
  step   300/300  loss 0.0847  67 ms/step  20s

saved LoRA adapters + fusion stack to /kaggle/working/sb_ddp
world_size=2  300 steps in 20s  (67 ms/step, 32 windows/step)
/usr/local/lib/python3.12/dist-packages/torch/distributed/c10d_logger.py:83: UserWarning: barrier(): using the device under current context. You can specify `device_id` in `init_process_group` to mute this warning.
  return func(*args, **kwargs)

>>> 2 GPU, FSDP [fp32]
$ /usr/bin/python3 -m torch.distributed.run --nproc_per_node=2 --standalone -m daystorm.train.stage_b --backbone tiny --steps 300 --batch 16 --scenes 60 --ckpt-every 301 --stage-a /kaggle/input/datasets/nullpointeranish/daystorm-src/ckpt --shard fsdp --out /kaggle/working/sb_fsdp_fp32 --dist-precision fp32

*****************************************
Setting OMP_NUM_THREADS environment variable for each process to be 1 in default, to avoid your system being overloaded, please further tune the variable for optimal performance in your application as needed. 
*****************************************
[W909 07:44:19.809525813 socket.cpp:207] [c10d] The hostname of the client socket cannot be retrieved. err=-3
[W909 07:44:21.659823926 socket.cpp:207] [c10d] The hostname of the client socket cannot be retrieved. err=-3
[W909 07:44:21.687208375 socket.cpp:207] [c10d] The hostname of the client socket cannot be retrieved. err=-3
/kaggle/working/daystorm/src/daystorm/train/backbone.py:41: UserWarning: enable_nested_tensor is True, but self.use_nested_tensor is False because encoder_layer.norm_first was True
  self.body = nn.TransformerEncoder(layer, layers)
/kaggle/working/daystorm/src/daystorm/train/backbone.py:41: UserWarning: enable_nested_tensor is True, but self.use_nested_tensor is False because encoder_layer.norm_first was True
  self.body = nn.TransformerEncoder(layer, layers)
[rank 0/2] train 864 / val 216 | backbone tiny d_model=192
trainable: LoRA 0.12 M + fusion 1.58 M | frozen backbone 2.1 M (45.1% trainable)
[rank 1/2] train 864 / val 216 | backbone tiny d_model=192
trainable: LoRA 0.12 M + fusion 1.58 M | frozen backbone 2.1 M (45.1% trainable)
  step     1/300  loss 0.0733  778 ms/step  1s
  step    30/300  loss 0.0527  90 ms/step  3s
  step    60/300  loss 0.0717  78 ms/step  5s
  step    90/300  loss 0.0822  73 ms/step  7s
  step   120/300  loss 0.0620  71 ms/step  9s
  step   150/300  loss 0.0723  70 ms/step  11s
  step   180/300  loss 0.0600  69 ms/step  12s
  step   210/300  loss 0.0857  69 ms/step  14s
  step   240/300  loss 0.0653  68 ms/step  16s
  step   270/300  loss 0.0578  68 ms/step  18s
  step   300/300  loss 0.0847  68 ms/step  20s
/usr/local/lib/python3.12/dist-packages/torch/distributed/fsdp/fully_sharded_data_parallel.py:822: FutureWarning: FSDP.state_dict_type() and FSDP.set_state_dict_type() are being deprecated. Please use APIs, get_state_dict() and set_state_dict(), which can support different parallelisms, FSDP1, FSDP2, DDP. API doc: https://pytorch.org/docs/stable/distributed.checkpoint.html#torch.distributed.checkpoint.state_dict.get_state_dict .Tutorial: https://pytorch.org/tutorials/recipes/distributed_checkpoint_recipe.html .
  prev_state_dict_settings = FullyShardedDataParallel.set_state_dict_type(
/usr/local/lib/python3.12/dist-packages/torch/distributed/fsdp/fully_sharded_data_parallel.py:822: FutureWarning: FSDP.state_dict_type() and FSDP.set_state_dict_type() are being deprecated. Please use APIs, get_state_dict() and set_state_dict(), which can support different parallelisms, FSDP1, FSDP2, DDP. API doc: https://pytorch.org/docs/stable/distributed.checkpoint.html#torch.distributed.checkpoint.state_dict.get_state_dict .Tutorial: https://pytorch.org/tutorials/recipes/distributed_checkpoint_recipe.html .
  prev_state_dict_settings = FullyShardedDataParallel.set_state_dict_type(
/usr/local/lib/python3.12/dist-packages/torch/distributed/fsdp/fully_sharded_data_parallel.py:829: FutureWarning: FSDP.state_dict_type() and FSDP.set_state_dict_type() are being deprecated. Please use APIs, get_state_dict() and set_state_dict(), which can support different parallelisms, FSDP1, FSDP2, DDP. API doc: https://pytorch.org/docs/stable/distributed.checkpoint.html#torch.distributed.checkpoint.state_dict.get_state_dict .Tutorial: https://pytorch.org/tutorials/recipes/distributed_checkpoint_recipe.html .
  FullyShardedDataParallel.set_state_dict_type(
/usr/local/lib/python3.12/dist-packages/torch/distributed/fsdp/fully_sharded_data_parallel.py:829: FutureWarning: FSDP.state_dict_type() and FSDP.set_state_dict_type() are being deprecated. Please use APIs, get_state_dict() and set_state_dict(), which can support different parallelisms, FSDP1, FSDP2, DDP. API doc: https://pytorch.org/docs/stable/distributed.checkpoint.html#torch.distributed.checkpoint.state_dict.get_state_dict .Tutorial: https://pytorch.org/tutorials/recipes/distributed_checkpoint_recipe.html .
  FullyShardedDataParallel.set_state_dict_type(

saved LoRA adapters + fusion stack to /kaggle/working/sb_fsdp_fp32
world_size=2  300 steps in 20s  (68 ms/step, 32 windows/step)
/usr/local/lib/python3.12/dist-packages/torch/distributed/c10d_logger.py:83: UserWarning: barrier(): using the device under current context. You can specify `device_id` in `init_process_group` to mute this warning.
  return func(*args, **kwargs)

>>> 2 GPU, FSDP [fp16]
$ /usr/bin/python3 -m torch.distributed.run --nproc_per_node=2 --standalone -m daystorm.train.stage_b --backbone tiny --steps 300 --batch 16 --scenes 60 --ckpt-every 301 --stage-a /kaggle/input/datasets/nullpointeranish/daystorm-src/ckpt --shard fsdp --out /kaggle/working/sb_fsdp --dist-precision fp16

*****************************************
Setting OMP_NUM_THREADS environment variable for each process to be 1 in default, to avoid your system being overloaded, please further tune the variable for optimal performance in your application as needed. 
*****************************************
[W909 07:44:54.833550541 socket.cpp:207] [c10d] The hostname of the client socket cannot be retrieved. err=-3
[W909 07:44:56.686713706 socket.cpp:207] [c10d] The hostname of the client socket cannot be retrieved. err=-3
[W909 07:44:56.700406558 socket.cpp:207] [c10d] The hostname of the client socket cannot be retrieved. err=-3
/kaggle/working/daystorm/src/daystorm/train/backbone.py:41: UserWarning: enable_nested_tensor is True, but self.use_nested_tensor is False because encoder_layer.norm_first was True
  self.body = nn.TransformerEncoder(layer, layers)
/kaggle/working/daystorm/src/daystorm/train/backbone.py:41: UserWarning: enable_nested_tensor is True, but self.use_nested_tensor is False because encoder_layer.norm_first was True
  self.body = nn.TransformerEncoder(layer, layers)
[rank 1/2] train 864 / val 216 | backbone tiny d_model=192
trainable: LoRA 0.12 M + fusion 1.58 M | frozen backbone 2.1 M (45.1% trainable)
[rank 0/2] train 864 / val 216 | backbone tiny d_model=192
trainable: LoRA 0.12 M + fusion 1.58 M | frozen backbone 2.1 M (45.1% trainable)
  step     1/300  loss 0.0741  903 ms/step  1s
  step    30/300  loss 0.0506  74 ms/step  2s
  step    60/300  loss 0.0706  60 ms/step  4s
  step    90/300  loss 0.0817  55 ms/step  5s
  step   120/300  loss 0.0630  52 ms/step  6s
  step   150/300  loss 0.0734  50 ms/step  8s
  step   180/300  loss 0.0594  50 ms/step  9s
  step   210/300  loss 0.0865  49 ms/step  10s
  step   240/300  loss 0.0662  48 ms/step  12s
  step   270/300  loss 0.0584  48 ms/step  13s
  step   300/300  loss 0.0853  48 ms/step  14s
/usr/local/lib/python3.12/dist-packages/torch/distributed/fsdp/fully_sharded_data_parallel.py:822: FutureWarning: FSDP.state_dict_type() and FSDP.set_state_dict_type() are being deprecated. Please use APIs, get_state_dict() and set_state_dict(), which can support different parallelisms, FSDP1, FSDP2, DDP. API doc: https://pytorch.org/docs/stable/distributed.checkpoint.html#torch.distributed.checkpoint.state_dict.get_state_dict .Tutorial: https://pytorch.org/tutorials/recipes/distributed_checkpoint_recipe.html .
  prev_state_dict_settings = FullyShardedDataParallel.set_state_dict_type(
/usr/local/lib/python3.12/dist-packages/torch/distributed/fsdp/fully_sharded_data_parallel.py:822: FutureWarning: FSDP.state_dict_type() and FSDP.set_state_dict_type() are being deprecated. Please use APIs, get_state_dict() and set_state_dict(), which can support different parallelisms, FSDP1, FSDP2, DDP. API doc: https://pytorch.org/docs/stable/distributed.checkpoint.html#torch.distributed.checkpoint.state_dict.get_state_dict .Tutorial: https://pytorch.org/tutorials/recipes/distributed_checkpoint_recipe.html .
  prev_state_dict_settings = FullyShardedDataParallel.set_state_dict_type(
/usr/local/lib/python3.12/dist-packages/torch/distributed/fsdp/fully_sharded_data_parallel.py:829: FutureWarning: FSDP.state_dict_type() and FSDP.set_state_dict_type() are being deprecated. Please use APIs, get_state_dict() and set_state_dict(), which can support different parallelisms, FSDP1, FSDP2, DDP. API doc: https://pytorch.org/docs/stable/distributed.checkpoint.html#torch.distributed.checkpoint.state_dict.get_state_dict .Tutorial: https://pytorch.org/tutorials/recipes/distributed_checkpoint_recipe.html .
  FullyShardedDataParallel.set_state_dict_type(
/usr/local/lib/python3.12/dist-packages/torch/distributed/fsdp/fully_sharded_data_parallel.py:829: FutureWarning: FSDP.state_dict_type() and FSDP.set_state_dict_type() are being deprecated. Please use APIs, get_state_dict() and set_state_dict(), which can support different parallelisms, FSDP1, FSDP2, DDP. API doc: https://pytorch.org/docs/stable/distributed.checkpoint.html#torch.distributed.checkpoint.state_dict.get_state_dict .Tutorial: https://pytorch.org/tutorials/recipes/distributed_checkpoint_recipe.html .
  FullyShardedDataParallel.set_state_dict_type(

saved LoRA adapters + fusion stack to /kaggle/working/sb_fsdp
world_size=2  300 steps in 14s  (48 ms/step, 32 windows/step)
/usr/local/lib/python3.12/dist-packages/torch/distributed/c10d_logger.py:83: UserWarning: barrier(): using the device under current context. You can specify `device_id` in `init_process_group` to mute this warning.
  return func(*args, **kwargs)

Read ms/step against windows/step: both distributed runs process 2x the
windows per step, so equal ms/step is a 2x throughput win. FSDP is expected
to LOSE to DDP on a model this small - it trades throughput for memory it
does not need here - and reporting that is the point of running both.

### section 3/3: real

==========================================================================
real backbone: Stage A + held-out eval, Qwen2.5-0.5B-Instruct (frozen)
==========================================================================
$ /usr/bin/python3 -m daystorm.train.stage_a --backbone Qwen/Qwen2.5-0.5B-Instruct --scenes 40 --steps 600 --batch 8 --lr 1e-3 --out /kaggle/working/ckpt_qwen05b
Warning: You are sending unauthenticated requests to the HF Hub. Please set a HF_TOKEN to enable higher rate limits and faster downloads.
train 576 / val 144 samples | backbone Qwen/Qwen2.5-0.5B-Instruct | fusion ~1.50 M trainable | frozen=True | cuda
Loading weights:   0%|          | 0/290 [00:00<?, ?it/s]Loading weights:   0%|          | 1/290 [00:00<00:00, 9962.72it/s, Materializing param=model.embed_tokens.weight]Loading weights:   0%|          | 1/290 [00:00<00:00, 3983.19it/s, Materializing param=model.embed_tokens.weight]Loading weights:   1%|          | 2/290 [00:00<00:45,  6.34it/s, Materializing param=model.embed_tokens.weight]  Loading weights:   1%|          | 2/290 [00:00<00:45,  6.34it/s, Materializing param=model.layers.0.input_layernorm.weight]Loading weights:   1%|          | 2/290 [00:00<00:45,  6.34it/s, Materializing param=model.layers.0.input_layernorm.weight]Loading weights:   1%|          | 3/290 [00:00<00:45,  6.34it/s, Materializing param=model.layers.0.mlp.down_proj.weight]  Loading weights:   1%|          | 3/290 [00:00<00:45,  6.34it/s, Materializing param=model.layers.0.mlp.down_proj.weight]Loading weights:   1%|▏         | 4/290 [00:00<00:45,  6.34it/s, Materializing param=model.layers.0.mlp.gate_proj.weight]Loading weights:   1%|▏         | 4/290 [00:00<00:45,  6.34it/s, Materializing param=model.layers.0.mlp.gate_proj.weight]Loading weights:   2%|▏         | 5/290 [00:00<00:44,  6.34it/s, Materializing param=model.layers.0.mlp.up_proj.weight]  Loading weights:   2%|▏         | 5/290 [00:00<00:44,  6.34it/s, Materializing param=model.layers.0.mlp.up_proj.weight]Loading weights:   2%|▏         | 6/290 [00:00<00:44,  6.34it/s, Materializing param=model.layers.0.post_attention_layernorm.weight]Loading weights:   2%|▏         | 6/290 [00:00<00:44,  6.34it/s, Materializing param=model.layers.0.post_attention_layernorm.weight]Loading weights:   2%|▏         | 7/290 [00:00<00:44,  6.34it/s, Materializing param=model.layers.0.self_attn.k_proj.bias]          Loading weights:   2%|▏         | 7/290 [00:00<00:44,  6.34it/s, Materializing param=model.layers.0.self_attn.k_proj.bias]Loading weights:   3%|▎         | 8/290 [00:00<00:44,  6.34it/s, Materializing param=model.layers.0.self_attn.k_proj.weight]Loading weights:   3%|▎         | 8/290 [00:00<00:44,  6.34it/s, Materializing param=model.layers.0.self_attn.k_proj.weight]Loading weights:   3%|▎         | 9/290 [00:00<00:44,  6.34it/s, Materializing param=model.layers.0.self_attn.o_proj.weight]Loading weights:   3%|▎         | 9/290 [00:00<00:44,  6.34it/s, Materializing param=model.layers.0.self_attn.o_proj.weight]Loading weights:   3%|▎         | 10/290 [00:00<00:44,  6.34it/s, Materializing param=model.layers.0.self_attn.q_proj.bias] Loading weights:   3%|▎         | 10/290 [00:00<00:44,  6.34it/s, Materializing param=model.layers.0.self_attn.q_proj.bias]Loading weights:   4%|▍         | 11/290 [00:00<00:43,  6.34it/s, Materializing param=model.layers.0.self_attn.q_proj.weight]Loading weights:   4%|▍         | 11/290 [00:00<00:43,  6.34it/s, Materializing param=model.layers.0.self_attn.q_proj.weight]Loading weights:   4%|▍         | 12/290 [00:00<00:43,  6.34it/s, Materializing param=model.layers.0.self_attn.v_proj.bias]  Loading weights:   4%|▍         | 12/290 [00:00<00:43,  6.34it/s, Materializing param=model.layers.0.self_attn.v_proj.bias]Loading weights:   4%|▍         | 13/290 [00:00<00:43,  6.34it/s, Materializing param=model.layers.0.self_attn.v_proj.weight]Loading weights:   4%|▍         | 13/290 [00:00<00:43,  6.34it/s, Materializing param=model.layers.0.self_attn.v_proj.weight]Loading weights:   5%|▍         | 14/290 [00:00<00:43,  6.34it/s, Materializing param=model.layers.1.input_layernorm.weight] Loading weights:   5%|▍         | 14/290 [00:00<00:43,  6.34it/s, Materializing param=model.layers.1.input_layernorm.weight]Loading weights:   5%|▌         | 15/290 [00:00<00:43,  6.34it/s, Materializing param=model.layers.1.mlp.down_proj.weight]  Loading weights:   5%|▌         | 15/290 [00:00<00:43,  6.34it/s, Materializing param=model.layers.1.mlp.down_proj.weight]Loading weights:   6%|▌         | 16/290 [00:00<00:43,  6.34it/s, Materializing param=model.layers.1.mlp.gate_proj.weight]Loading weights:   6%|▌         | 16/290 [00:00<00:43,  6.34it/s, Materializing param=model.layers.1.mlp.gate_proj.weight]Loading weights:   6%|▌         | 17/290 [00:00<00:43,  6.34it/s, Materializing param=model.layers.1.mlp.up_proj.weight]  Loading weights:   6%|▌         | 17/290 [00:00<00:43,  6.34it/s, Materializing param=model.layers.1.mlp.up_proj.weight]Loading weights:   6%|▌         | 18/290 [00:00<00:42,  6.34it/s, Materializing param=model.layers.1.post_attention_layernorm.weight]Loading weights:   6%|▌         | 18/290 [00:00<00:42,  6.34it/s, Materializing param=model.layers.1.post_attention_layernorm.weight]Loading weights:   7%|▋         | 19/290 [00:00<00:42,  6.34it/s, Materializing param=model.layers.1.self_attn.k_proj.bias]          Loading weights:   7%|▋         | 19/290 [00:00<00:42,  6.34it/s, Materializing param=model.layers.1.self_attn.k_proj.bias]Loading weights:   7%|▋         | 20/290 [00:00<00:42,  6.34it/s, Materializing param=model.layers.1.self_attn.k_proj.weight]Loading weights:   7%|▋         | 20/290 [00:00<00:42,  6.34it/s, Materializing param=model.layers.1.self_attn.k_proj.weight]Loading weights:   7%|▋         | 21/290 [00:00<00:42,  6.34it/s, Materializing param=model.layers.1.self_attn.o_proj.weight]Loading weights:   7%|▋         | 21/290 [00:00<00:42,  6.34it/s, Materializing param=model.layers.1.self_attn.o_proj.weight]Loading weights:   8%|▊         | 22/290 [00:00<00:42,  6.34it/s, Materializing param=model.layers.1.self_attn.q_proj.bias]  Loading weights:   8%|▊         | 22/290 [00:00<00:42,  6.34it/s, Materializing param=model.layers.1.self_attn.q_proj.bias]Loading weights:   8%|▊         | 23/290 [00:00<00:42,  6.34it/s, Materializing param=model.layers.1.self_attn.q_proj.weight]Loading weights:   8%|▊         | 23/290 [00:00<00:42,  6.34it/s, Materializing param=model.layers.1.self_attn.q_proj.weight]Loading weights:   8%|▊         | 24/290 [00:00<00:41,  6.34it/s, Materializing param=model.layers.1.self_attn.v_proj.bias]  Loading weights:   8%|▊         | 24/290 [00:00<00:41,  6.34it/s, Materializing param=model.layers.1.self_attn.v_proj.bias]Loading weights:   9%|▊         | 25/290 [00:00<00:41,  6.34it/s, Materializing param=model.layers.1.self_attn.v_proj.weight]Loading weights:   9%|▊         | 25/290 [00:00<00:41,  6.34it/s, Materializing param=model.layers.1.self_attn.v_proj.weight]Loading weights:   9%|▉         | 26/290 [00:00<00:41,  6.34it/s, Materializing param=model.layers.2.input_layernorm.weight] Loading weights:   9%|▉         | 26/290 [00:00<00:41,  6.34it/s, Materializing param=model.layers.2.input_layernorm.weight]Loading weights:   9%|▉         | 27/290 [00:00<00:41,  6.34it/s, Materializing param=model.layers.2.mlp.down_proj.weight]  Loading weights:   9%|▉         | 27/290 [00:00<00:41,  6.34it/s, Materializing param=model.layers.2.mlp.down_proj.weight]Loading weights:  10%|▉         | 28/290 [00:00<00:41,  6.34it/s, Materializing param=model.layers.2.mlp.gate_proj.weight]Loading weights:  10%|▉         | 28/290 [00:00<00:41,  6.34it/s, Materializing param=model.layers.2.mlp.gate_proj.weight]Loading weights:  10%|█         | 29/290 [00:00<00:41,  6.34it/s, Materializing param=model.layers.2.mlp.up_proj.weight]  Loading weights:  10%|█         | 29/290 [00:00<00:41,  6.34it/s, Materializing param=model.layers.2.mlp.up_proj.weight]Loading weights:  10%|█         | 30/290 [00:00<00:40,  6.34it/s, Materializing param=model.layers.2.post_attention_layernorm.weight]Loading weights:  10%|█         | 30/290 [00:00<00:40,  6.34it/s, Materializing param=model.layers.2.post_attention_layernorm.weight]Loading weights:  11%|█         | 31/290 [00:00<00:40,  6.34it/s, Materializing param=model.layers.2.self_attn.k_proj.bias]          Loading weights:  11%|█         | 31/290 [00:00<00:40,  6.34it/s, Materializing param=model.layers.2.self_attn.k_proj.bias]Loading weights:  11%|█         | 32/290 [00:00<00:40,  6.34it/s, Materializing param=model.layers.2.self_attn.k_proj.weight]Loading weights:  11%|█         | 32/290 [00:00<00:40,  6.34it/s, Materializing param=model.layers.2.self_attn.k_proj.weight]Loading weights:  11%|█▏        | 33/290 [00:00<00:40,  6.34it/s, Materializing param=model.layers.2.self_attn.o_proj.weight]Loading weights:  11%|█▏        | 33/290 [00:00<00:40,  6.34it/s, Materializing param=model.layers.2.self_attn.o_proj.weight]Loading weights:  12%|█▏        | 34/290 [00:00<00:40,  6.34it/s, Materializing param=model.layers.2.self_attn.q_proj.bias]  Loading weights:  12%|█▏        | 34/290 [00:00<00:40,  6.34it/s, Materializing param=model.layers.2.self_attn.q_proj.bias]Loading weights:  12%|█▏        | 35/290 [00:00<00:40,  6.34it/s, Materializing param=model.layers.2.self_attn.q_proj.weight]Loading weights:  12%|█▏        | 35/290 [00:00<00:40,  6.34it/s, Materializing param=model.layers.2.self_attn.q_proj.weight]Loading weights:  12%|█▏        | 36/290 [00:00<00:40,  6.34it/s, Materializing param=model.layers.2.self_attn.v_proj.bias]  Loading weights:  12%|█▏        | 36/290 [00:00<00:40,  6.34it/s, Materializing param=model.layers.2.self_attn.v_proj.bias]Loading weights:  13%|█▎        | 37/290 [00:00<00:39,  6.34it/s, Materializing param=model.layers.2.self_attn.v_proj.weight]Loading weights:  13%|█▎        | 37/290 [00:00<00:39,  6.34it/s, Materializing param=model.layers.2.self_attn.v_proj.weight]Loading weights:  13%|█▎        | 38/290 [00:00<00:39,  6.34it/s, Materializing param=model.layers.3.input_layernorm.weight] Loading weights:  13%|█▎        | 38/290 [00:00<00:39,  6.34it/s, Materializing param=model.layers.3.input_layernorm.weight]Loading weights:  13%|█▎        | 39/290 [00:00<00:39,  6.34it/s, Materializing param=model.layers.3.mlp.down_proj.weight]  Loading weights:  13%|█▎        | 39/290 [00:00<00:39,  6.34it/s, Materializing param=model.layers.3.mlp.down_proj.weight]Loading weights:  14%|█▍        | 40/290 [00:00<00:39,  6.34it/s, Materializing param=model.layers.3.mlp.gate_proj.weight]Loading weights:  14%|█▍        | 40/290 [00:00<00:39,  6.34it/s, Materializing param=model.layers.3.mlp.gate_proj.weight]Loading weights:  14%|█▍        | 41/290 [00:00<00:39,  6.34it/s, Materializing param=model.layers.3.mlp.up_proj.weight]  Loading weights:  14%|█▍        | 41/290 [00:00<00:39,  6.34it/s, Materializing param=model.layers.3.mlp.up_proj.weight]Loading weights:  14%|█▍        | 42/290 [00:00<00:39,  6.34it/s, Materializing param=model.layers.3.post_attention_layernorm.weight]Loading weights:  14%|█▍        | 42/290 [00:00<00:39,  6.34it/s, Materializing param=model.layers.3.post_attention_layernorm.weight]Loading weights:  15%|█▍        | 43/290 [00:00<00:38,  6.34it/s, Materializing param=model.layers.3.self_attn.k_proj.bias]          Loading weights:  15%|█▍        | 43/290 [00:00<00:38,  6.34it/s, Materializing param=model.layers.3.self_attn.k_proj.bias]Loading weights:  15%|█▌        | 44/290 [00:00<00:38,  6.34it/s, Materializing param=model.layers.3.self_attn.k_proj.weight]Loading weights:  15%|█▌        | 44/290 [00:00<00:38,  6.34it/s, Materializing param=model.layers.3.self_attn.k_proj.weight]Loading weights:  16%|█▌        | 45/290 [00:00<00:38,  6.34it/s, Materializing param=model.layers.3.self_attn.o_proj.weight]Loading weights:  16%|█▌        | 45/290 [00:00<00:38,  6.34it/s, Materializing param=model.layers.3.self_attn.o_proj.weight]Loading weights:  16%|█▌        | 46/290 [00:00<00:38,  6.34it/s, Materializing param=model.layers.3.self_attn.q_proj.bias]  Loading weights:  16%|█▌        | 46/290 [00:00<00:38,  6.34it/s, Materializing param=model.layers.3.self_attn.q_proj.bias]Loading weights:  16%|█▌        | 47/290 [00:00<00:38,  6.34it/s, Materializing param=model.layers.3.self_attn.q_proj.weight]Loading weights:  16%|█▌        | 47/290 [00:00<00:38,  6.34it/s, Materializing param=model.layers.3.self_attn.q_proj.weight]Loading weights:  17%|█▋        | 48/290 [00:00<00:38,  6.34it/s, Materializing param=model.layers.3.self_attn.v_proj.bias]  Loading weights:  17%|█▋        | 48/290 [00:00<00:38,  6.34it/s, Materializing param=model.layers.3.self_attn.v_proj.bias]Loading weights:  17%|█▋        | 49/290 [00:00<00:37,  6.34it/s, Materializing param=model.layers.3.self_attn.v_proj.weight]Loading weights:  17%|█▋        | 49/290 [00:00<00:37,  6.34it/s, Materializing param=model.layers.3.self_attn.v_proj.weight]Loading weights:  17%|█▋        | 50/290 [00:00<00:37,  6.34it/s, Materializing param=model.layers.4.input_layernorm.weight] Loading weights:  17%|█▋        | 50/290 [00:00<00:37,  6.34it/s, Materializing param=model.layers.4.input_layernorm.weight]Loading weights:  18%|█▊        | 51/290 [00:00<00:37,  6.34it/s, Materializing param=model.layers.4.mlp.down_proj.weight]  Loading weights:  18%|█▊        | 51/290 [00:00<00:37,  6.34it/s, Materializing param=model.layers.4.mlp.down_proj.weight]Loading weights:  18%|█▊        | 52/290 [00:00<00:37,  6.34it/s, Materializing param=model.layers.4.mlp.gate_proj.weight]Loading weights:  18%|█▊        | 52/290 [00:00<00:37,  6.34it/s, Materializing param=model.layers.4.mlp.gate_proj.weight]Loading weights:  18%|█▊        | 53/290 [00:00<00:37,  6.34it/s, Materializing param=model.layers.4.mlp.up_proj.weight]  Loading weights:  18%|█▊        | 53/290 [00:00<00:37,  6.34it/s, Materializing param=model.layers.4.mlp.up_proj.weight]Loading weights:  19%|█▊        | 54/290 [00:00<00:37,  6.34it/s, Materializing param=model.layers.4.post_attention_layernorm.weight]Loading weights:  19%|█▊        | 54/290 [00:00<00:37,  6.34it/s, Materializing param=model.layers.4.post_attention_layernorm.weight]Loading weights:  19%|█▉        | 55/290 [00:00<00:37,  6.34it/s, Materializing param=model.layers.4.self_attn.k_proj.bias]          Loading weights:  19%|█▉        | 55/290 [00:00<00:37,  6.34it/s, Materializing param=model.layers.4.self_attn.k_proj.bias]Loading weights:  19%|█▉        | 56/290 [00:00<00:36,  6.34it/s, Materializing param=model.layers.4.self_attn.k_proj.weight]Loading weights:  19%|█▉        | 56/290 [00:00<00:36,  6.34it/s, Materializing param=model.layers.4.self_attn.k_proj.weight]Loading weights:  20%|█▉        | 57/290 [00:00<00:36,  6.34it/s, Materializing param=model.layers.4.self_attn.o_proj.weight]Loading weights:  20%|█▉        | 57/290 [00:00<00:36,  6.34it/s, Materializing param=model.layers.4.self_attn.o_proj.weight]Loading weights:  20%|██        | 58/290 [00:00<00:36,  6.34it/s, Materializing param=model.layers.4.self_attn.q_proj.bias]  Loading weights:  20%|██        | 58/290 [00:00<00:36,  6.34it/s, Materializing param=model.layers.4.self_attn.q_proj.bias]Loading weights:  20%|██        | 59/290 [00:00<00:36,  6.34it/s, Materializing param=model.layers.4.self_attn.q_proj.weight]Loading weights:  20%|██        | 59/290 [00:00<00:36,  6.34it/s, Materializing param=model.layers.4.self_attn.q_proj.weight]Loading weights:  21%|██        | 60/290 [00:00<00:36,  6.34it/s, Materializing param=model.layers.4.self_attn.v_proj.bias]  Loading weights:  21%|██        | 60/290 [00:00<00:36,  6.34it/s, Materializing param=model.layers.4.self_attn.v_proj.bias]Loading weights:  21%|██        | 61/290 [00:00<00:36,  6.34it/s, Materializing param=model.layers.4.self_attn.v_proj.weight]Loading weights:  21%|██        | 61/290 [00:00<00:36,  6.34it/s, Materializing param=model.layers.4.self_attn.v_proj.weight]Loading weights:  21%|██▏       | 62/290 [00:00<00:35,  6.34it/s, Materializing param=model.layers.5.input_layernorm.weight] Loading weights:  21%|██▏       | 62/290 [00:00<00:35,  6.34it/s, Materializing param=model.layers.5.input_layernorm.weight]Loading weights:  22%|██▏       | 63/290 [00:00<00:35,  6.34it/s, Materializing param=model.layers.5.mlp.down_proj.weight]  Loading weights:  22%|██▏       | 63/290 [00:00<00:35,  6.34it/s, Materializing param=model.layers.5.mlp.down_proj.weight]Loading weights:  22%|██▏       | 64/290 [00:00<00:35,  6.34it/s, Materializing param=model.layers.5.mlp.gate_proj.weight]Loading weights:  22%|██▏       | 64/290 [00:00<00:35,  6.34it/s, Materializing param=model.layers.5.mlp.gate_proj.weight]Loading weights:  22%|██▏       | 65/290 [00:00<00:35,  6.34it/s, Materializing param=model.layers.5.mlp.up_proj.weight]  Loading weights:  22%|██▏       | 65/290 [00:00<00:35,  6.34it/s, Materializing param=model.layers.5.mlp.up_proj.weight]Loading weights:  23%|██▎       | 66/290 [00:00<00:35,  6.34it/s, Materializing param=model.layers.5.post_attention_layernorm.weight]Loading weights:  23%|██▎       | 66/290 [00:00<00:35,  6.34it/s, Materializing param=model.layers.5.post_attention_layernorm.weight]Loading weights:  23%|██▎       | 67/290 [00:00<00:35,  6.34it/s, Materializing param=model.layers.5.self_attn.k_proj.bias]          Loading weights:  23%|██▎       | 67/290 [00:00<00:35,  6.34it/s, Materializing param=model.layers.5.self_attn.k_proj.bias]Loading weights:  23%|██▎       | 68/290 [00:00<00:34,  6.34it/s, Materializing param=model.layers.5.self_attn.k_proj.weight]Loading weights:  23%|██▎       | 68/290 [00:00<00:34,  6.34it/s, Materializing param=model.layers.5.self_attn.k_proj.weight]Loading weights:  24%|██▍       | 69/290 [00:00<00:34,  6.34it/s, Materializing param=model.layers.5.self_attn.o_proj.weight]Loading weights:  24%|██▍       | 69/290 [00:00<00:34,  6.34it/s, Materializing param=model.layers.5.self_attn.o_proj.weight]Loading weights:  24%|██▍       | 70/290 [00:00<00:34,  6.34it/s, Materializing param=model.layers.5.self_attn.q_proj.bias]  Loading weights:  24%|██▍       | 70/290 [00:00<00:34,  6.34it/s, Materializing param=model.layers.5.self_attn.q_proj.bias]Loading weights:  24%|██▍       | 71/290 [00:00<00:34,  6.34it/s, Materializing param=model.layers.5.self_attn.q_proj.weight]Loading weights:  24%|██▍       | 71/290 [00:00<00:34,  6.34it/s, Materializing param=model.layers.5.self_attn.q_proj.weight]Loading weights:  25%|██▍       | 72/290 [00:00<00:34,  6.34it/s, Materializing param=model.layers.5.self_attn.v_proj.bias]  Loading weights:  25%|██▍       | 72/290 [00:00<00:34,  6.34it/s, Materializing param=model.layers.5.self_attn.v_proj.bias]Loading weights:  25%|██▌       | 73/290 [00:00<00:34,  6.34it/s, Materializing param=model.layers.5.self_attn.v_proj.weight]Loading weights:  25%|██▌       | 73/290 [00:00<00:34,  6.34it/s, Materializing param=model.layers.5.self_attn.v_proj.weight]Loading weights:  26%|██▌       | 74/290 [00:00<00:34,  6.34it/s, Materializing param=model.layers.6.input_layernorm.weight] Loading weights:  26%|██▌       | 74/290 [00:00<00:34,  6.34it/s, Materializing param=model.layers.6.input_layernorm.weight]Loading weights:  26%|██▌       | 75/290 [00:00<00:33,  6.34it/s, Materializing param=model.layers.6.mlp.down_proj.weight]  Loading weights:  26%|██▌       | 75/290 [00:00<00:33,  6.34it/s, Materializing param=model.layers.6.mlp.down_proj.weight]Loading weights:  26%|██▌       | 76/290 [00:00<00:33,  6.34it/s, Materializing param=model.layers.6.mlp.gate_proj.weight]Loading weights:  26%|██▌       | 76/290 [00:00<00:33,  6.34it/s, Materializing param=model.layers.6.mlp.gate_proj.weight]Loading weights:  27%|██▋       | 77/290 [00:00<00:33,  6.34it/s, Materializing param=model.layers.6.mlp.up_proj.weight]  Loading weights:  27%|██▋       | 77/290 [00:00<00:33,  6.34it/s, Materializing param=model.layers.6.mlp.up_proj.weight]Loading weights:  27%|██▋       | 78/290 [00:00<00:33,  6.34it/s, Materializing param=model.layers.6.post_attention_layernorm.weight]Loading weights:  27%|██▋       | 78/290 [00:00<00:33,  6.34it/s, Materializing param=model.layers.6.post_attention_layernorm.weight]Loading weights:  27%|██▋       | 79/290 [00:00<00:33,  6.34it/s, Materializing param=model.layers.6.self_attn.k_proj.bias]          Loading weights:  27%|██▋       | 79/290 [00:00<00:33,  6.34it/s, Materializing param=model.layers.6.self_attn.k_proj.bias]Loading weights:  28%|██▊       | 80/290 [00:00<00:33,  6.34it/s, Materializing param=model.layers.6.self_attn.k_proj.weight]Loading weights:  28%|██▊       | 80/290 [00:00<00:33,  6.34it/s, Materializing param=model.layers.6.self_attn.k_proj.weight]Loading weights:  28%|██▊       | 81/290 [00:00<00:32,  6.34it/s, Materializing param=model.layers.6.self_attn.o_proj.weight]Loading weights:  28%|██▊       | 81/290 [00:00<00:32,  6.34it/s, Materializing param=model.layers.6.self_attn.o_proj.weight]Loading weights:  28%|██▊       | 82/290 [00:00<00:32,  6.34it/s, Materializing param=model.layers.6.self_attn.q_proj.bias]  Loading weights:  28%|██▊       | 82/290 [00:00<00:32,  6.34it/s, Materializing param=model.layers.6.self_attn.q_proj.bias]Loading weights:  29%|██▊       | 83/290 [00:00<00:32,  6.34it/s, Materializing param=model.layers.6.self_attn.q_proj.weight]Loading weights:  29%|██▊       | 83/290 [00:00<00:32,  6.34it/s, Materializing param=model.layers.6.self_attn.q_proj.weight]Loading weights:  29%|██▉       | 84/290 [00:00<00:32,  6.34it/s, Materializing param=model.layers.6.self_attn.v_proj.bias]  Loading weights:  29%|██▉       | 84/290 [00:00<00:32,  6.34it/s, Materializing param=model.layers.6.self_attn.v_proj.bias]Loading weights:  29%|██▉       | 85/290 [00:00<00:32,  6.34it/s, Materializing param=model.layers.6.self_attn.v_proj.weight]Loading weights:  29%|██▉       | 85/290 [00:00<00:32,  6.34it/s, Materializing param=model.layers.6.self_attn.v_proj.weight]Loading weights:  30%|██▉       | 86/290 [00:00<00:32,  6.34it/s, Materializing param=model.layers.7.input_layernorm.weight] Loading weights:  30%|██▉       | 86/290 [00:00<00:32,  6.34it/s, Materializing param=model.layers.7.input_layernorm.weight]Loading weights:  30%|███       | 87/290 [00:00<00:32,  6.34it/s, Materializing param=model.layers.7.mlp.down_proj.weight]  Loading weights:  30%|███       | 87/290 [00:00<00:32,  6.34it/s, Materializing param=model.layers.7.mlp.down_proj.weight]Loading weights:  30%|███       | 88/290 [00:00<00:31,  6.34it/s, Materializing param=model.layers.7.mlp.gate_proj.weight]Loading weights:  30%|███       | 88/290 [00:00<00:31,  6.34it/s, Materializing param=model.layers.7.mlp.gate_proj.weight]Loading weights:  31%|███       | 89/290 [00:00<00:31,  6.34it/s, Materializing param=model.layers.7.mlp.up_proj.weight]  Loading weights:  31%|███       | 89/290 [00:00<00:31,  6.34it/s, Materializing param=model.layers.7.mlp.up_proj.weight]Loading weights:  31%|███       | 90/290 [00:00<00:31,  6.34it/s, Materializing param=model.layers.7.post_attention_layernorm.weight]Loading weights:  31%|███       | 90/290 [00:00<00:31,  6.34it/s, Materializing param=model.layers.7.post_attention_layernorm.weight]Loading weights:  31%|███▏      | 91/290 [00:00<00:31,  6.34it/s, Materializing param=model.layers.7.self_attn.k_proj.bias]          Loading weights:  31%|███▏      | 91/290 [00:00<00:31,  6.34it/s, Materializing param=model.layers.7.self_attn.k_proj.bias]Loading weights:  32%|███▏      | 92/290 [00:00<00:31,  6.34it/s, Materializing param=model.layers.7.self_attn.k_proj.weight]Loading weights:  32%|███▏      | 92/290 [00:00<00:31,  6.34it/s, Materializing param=model.layers.7.self_attn.k_proj.weight]Loading weights:  32%|███▏      | 93/290 [00:00<00:31,  6.34it/s, Materializing param=model.layers.7.self_attn.o_proj.weight]Loading weights:  32%|███▏      | 93/290 [00:00<00:31,  6.34it/s, Materializing param=model.layers.7.self_attn.o_proj.weight]Loading weights:  32%|███▏      | 94/290 [00:00<00:30,  6.34it/s, Materializing param=model.layers.7.self_attn.q_proj.bias]  Loading weights:  32%|███▏      | 94/290 [00:00<00:30,  6.34it/s, Materializing param=model.layers.7.self_attn.q_proj.bias]Loading weights:  33%|███▎      | 95/290 [00:00<00:30,  6.34it/s, Materializing param=model.layers.7.self_attn.q_proj.weight]Loading weights:  33%|███▎      | 95/290 [00:00<00:30,  6.34it/s, Materializing param=model.layers.7.self_attn.q_proj.weight]Loading weights:  33%|███▎      | 96/290 [00:00<00:30,  6.34it/s, Materializing param=model.layers.7.self_attn.v_proj.bias]  Loading weights:  33%|███▎      | 96/290 [00:00<00:30,  6.34it/s, Materializing param=model.layers.7.self_attn.v_proj.bias]Loading weights:  33%|███▎      | 97/290 [00:00<00:30,  6.34it/s, Materializing param=model.layers.7.self_attn.v_proj.weight]Loading weights:  33%|███▎      | 97/290 [00:00<00:30,  6.34it/s, Materializing param=model.layers.7.self_attn.v_proj.weight]Loading weights:  34%|███▍      | 98/290 [00:00<00:30,  6.34it/s, Materializing param=model.layers.8.input_layernorm.weight] Loading weights:  34%|███▍      | 98/290 [00:00<00:30,  6.34it/s, Materializing param=model.layers.8.input_layernorm.weight]Loading weights:  34%|███▍      | 99/290 [00:00<00:30,  6.34it/s, Materializing param=model.layers.8.mlp.down_proj.weight]  Loading weights:  34%|███▍      | 99/290 [00:00<00:30,  6.34it/s, Materializing param=model.layers.8.mlp.down_proj.weight]Loading weights:  34%|███▍      | 100/290 [00:00<00:29,  6.34it/s, Materializing param=model.layers.8.mlp.gate_proj.weight]Loading weights:  34%|███▍      | 100/290 [00:00<00:29,  6.34it/s, Materializing param=model.layers.8.mlp.gate_proj.weight]Loading weights:  35%|███▍      | 101/290 [00:00<00:29,  6.34it/s, Materializing param=model.layers.8.mlp.up_proj.weight]  Loading weights:  35%|███▍      | 101/290 [00:00<00:29,  6.34it/s, Materializing param=model.layers.8.mlp.up_proj.weight]Loading weights:  35%|███▌      | 102/290 [00:00<00:29,  6.34it/s, Materializing param=model.layers.8.post_attention_layernorm.weight]Loading weights:  35%|███▌      | 102/290 [00:00<00:29,  6.34it/s, Materializing param=model.layers.8.post_attention_layernorm.weight]Loading weights:  36%|███▌      | 103/290 [00:00<00:29,  6.34it/s, Materializing param=model.layers.8.self_attn.k_proj.bias]          Loading weights:  36%|███▌      | 103/290 [00:00<00:29,  6.34it/s, Materializing param=model.layers.8.self_attn.k_proj.bias]Loading weights:  36%|███▌      | 104/290 [00:00<00:29,  6.34it/s, Materializing param=model.layers.8.self_attn.k_proj.weight]Loading weights:  36%|███▌      | 104/290 [00:00<00:29,  6.34it/s, Materializing param=model.layers.8.self_attn.k_proj.weight]Loading weights:  36%|███▌      | 105/290 [00:00<00:29,  6.34it/s, Materializing param=model.layers.8.self_attn.o_proj.weight]Loading weights:  36%|███▌      | 105/290 [00:00<00:29,  6.34it/s, Materializing param=model.layers.8.self_attn.o_proj.weight]Loading weights:  37%|███▋      | 106/290 [00:00<00:29,  6.34it/s, Materializing param=model.layers.8.self_attn.q_proj.bias]  Loading weights:  37%|███▋      | 106/290 [00:00<00:29,  6.34it/s, Materializing param=model.layers.8.self_attn.q_proj.bias]Loading weights:  37%|███▋      | 107/290 [00:00<00:28,  6.34it/s, Materializing param=model.layers.8.self_attn.q_proj.weight]Loading weights:  37%|███▋      | 107/290 [00:00<00:28,  6.34it/s, Materializing param=model.layers.8.self_attn.q_proj.weight]Loading weights:  37%|███▋      | 108/290 [00:00<00:28,  6.34it/s, Materializing param=model.layers.8.self_attn.v_proj.bias]  Loading weights:  37%|███▋      | 108/290 [00:00<00:28,  6.34it/s, Materializing param=model.layers.8.self_attn.v_proj.bias]Loading weights:  38%|███▊      | 109/290 [00:00<00:28,  6.34it/s, Materializing param=model.layers.8.self_attn.v_proj.weight]Loading weights:  38%|███▊      | 109/290 [00:00<00:28,  6.34it/s, Materializing param=model.layers.8.self_attn.v_proj.weight]Loading weights:  38%|███▊      | 110/290 [00:00<00:28,  6.34it/s, Materializing param=model.layers.9.input_layernorm.weight] Loading weights:  38%|███▊      | 110/290 [00:00<00:28,  6.34it/s, Materializing param=model.layers.9.input_layernorm.weight]Loading weights:  38%|███▊      | 111/290 [00:00<00:28,  6.34it/s, Materializing param=model.layers.9.mlp.down_proj.weight]  Loading weights:  38%|███▊      | 111/290 [00:00<00:28,  6.34it/s, Materializing param=model.layers.9.mlp.down_proj.weight]Loading weights:  39%|███▊      | 112/290 [00:00<00:28,  6.34it/s, Materializing param=model.layers.9.mlp.gate_proj.weight]Loading weights:  39%|███▊      | 112/290 [00:00<00:28,  6.34it/s, Materializing param=model.layers.9.mlp.gate_proj.weight]Loading weights:  39%|███▉      | 113/290 [00:00<00:27,  6.34it/s, Materializing param=model.layers.9.mlp.up_proj.weight]  Loading weights:  39%|███▉      | 113/290 [00:00<00:27,  6.34it/s, Materializing param=model.layers.9.mlp.up_proj.weight]Loading weights:  39%|███▉      | 114/290 [00:00<00:27,  6.34it/s, Materializing param=model.layers.9.post_attention_layernorm.weight]Loading weights:  39%|███▉      | 114/290 [00:00<00:27,  6.34it/s, Materializing param=model.layers.9.post_attention_layernorm.weight]Loading weights:  40%|███▉      | 115/290 [00:00<00:27,  6.34it/s, Materializing param=model.layers.9.self_attn.k_proj.bias]          Loading weights:  40%|███▉      | 115/290 [00:00<00:27,  6.34it/s, Materializing param=model.layers.9.self_attn.k_proj.bias]Loading weights:  40%|████      | 116/290 [00:00<00:27,  6.34it/s, Materializing param=model.layers.9.self_attn.k_proj.weight]Loading weights:  40%|████      | 116/290 [00:00<00:27,  6.34it/s, Materializing param=model.layers.9.self_attn.k_proj.weight]Loading weights:  40%|████      | 117/290 [00:00<00:27,  6.34it/s, Materializing param=model.layers.9.self_attn.o_proj.weight]Loading weights:  40%|████      | 117/290 [00:00<00:27,  6.34it/s, Materializing param=model.layers.9.self_attn.o_proj.weight]Loading weights:  41%|████      | 118/290 [00:00<00:27,  6.34it/s, Materializing param=model.layers.9.self_attn.q_proj.bias]  Loading weights:  41%|████      | 118/290 [00:00<00:27,  6.34it/s, Materializing param=model.layers.9.self_attn.q_proj.bias]Loading weights:  41%|████      | 119/290 [00:00<00:26,  6.34it/s, Materializing param=model.layers.9.self_attn.q_proj.weight]Loading weights:  41%|████      | 119/290 [00:00<00:26,  6.34it/s, Materializing param=model.layers.9.self_attn.q_proj.weight]Loading weights:  41%|████▏     | 120/290 [00:00<00:26,  6.34it/s, Materializing param=model.layers.9.self_attn.v_proj.bias]  Loading weights:  41%|████▏     | 120/290 [00:00<00:26,  6.34it/s, Materializing param=model.layers.9.self_attn.v_proj.bias]Loading weights:  42%|████▏     | 121/290 [00:00<00:26,  6.34it/s, Materializing param=model.layers.9.self_attn.v_proj.weight]Loading weights:  42%|████▏     | 121/290 [00:00<00:26,  6.34it/s, Materializing param=model.layers.9.self_attn.v_proj.weight]Loading weights:  42%|████▏     | 122/290 [00:00<00:26,  6.34it/s, Materializing param=model.layers.10.input_layernorm.weight]Loading weights:  42%|████▏     | 122/290 [00:00<00:26,  6.34it/s, Materializing param=model.layers.10.input_layernorm.weight]Loading weights:  42%|████▏     | 123/290 [00:00<00:26,  6.34it/s, Materializing param=model.layers.10.mlp.down_proj.weight]  Loading weights:  42%|████▏     | 123/290 [00:00<00:26,  6.34it/s, Materializing param=model.layers.10.mlp.down_proj.weight]Loading weights:  43%|████▎     | 124/290 [00:00<00:26,  6.34it/s, Materializing param=model.layers.10.mlp.gate_proj.weight]Loading weights:  43%|████▎     | 124/290 [00:00<00:26,  6.34it/s, Materializing param=model.layers.10.mlp.gate_proj.weight]Loading weights:  43%|████▎     | 125/290 [00:00<00:26,  6.34it/s, Materializing param=model.layers.10.mlp.up_proj.weight]  Loading weights:  43%|████▎     | 125/290 [00:00<00:26,  6.34it/s, Materializing param=model.layers.10.mlp.up_proj.weight]Loading weights:  43%|████▎     | 126/290 [00:00<00:25,  6.34it/s, Materializing param=model.layers.10.post_attention_layernorm.weight]Loading weights:  43%|████▎     | 126/290 [00:00<00:25,  6.34it/s, Materializing param=model.layers.10.post_attention_layernorm.weight]Loading weights:  44%|████▍     | 127/290 [00:00<00:25,  6.34it/s, Materializing param=model.layers.10.self_attn.k_proj.bias]          Loading weights:  44%|████▍     | 127/290 [00:00<00:25,  6.34it/s, Materializing param=model.layers.10.self_attn.k_proj.bias]Loading weights:  44%|████▍     | 128/290 [00:00<00:25,  6.34it/s, Materializing param=model.layers.10.self_attn.k_proj.weight]Loading weights:  44%|████▍     | 128/290 [00:00<00:25,  6.34it/s, Materializing param=model.layers.10.self_attn.k_proj.weight]Loading weights:  44%|████▍     | 129/290 [00:00<00:25,  6.34it/s, Materializing param=model.layers.10.self_attn.o_proj.weight]Loading weights:  44%|████▍     | 129/290 [00:00<00:25,  6.34it/s, Materializing param=model.layers.10.self_attn.o_proj.weight]Loading weights:  45%|████▍     | 130/290 [00:00<00:25,  6.34it/s, Materializing param=model.layers.10.self_attn.q_proj.bias]  Loading weights:  45%|████▍     | 130/290 [00:00<00:25,  6.34it/s, Materializing param=model.layers.10.self_attn.q_proj.bias]Loading weights:  45%|████▌     | 131/290 [00:00<00:25,  6.34it/s, Materializing param=model.layers.10.self_attn.q_proj.weight]Loading weights:  45%|████▌     | 131/290 [00:00<00:25,  6.34it/s, Materializing param=model.layers.10.self_attn.q_proj.weight]Loading weights:  46%|████▌     | 132/290 [00:00<00:24,  6.34it/s, Materializing param=model.layers.10.self_attn.v_proj.bias]  Loading weights:  46%|████▌     | 132/290 [00:00<00:24,  6.34it/s, Materializing param=model.layers.10.self_attn.v_proj.bias]Loading weights:  46%|████▌     | 133/290 [00:00<00:00, 410.65it/s, Materializing param=model.layers.10.self_attn.v_proj.bias]Loading weights:  46%|████▌     | 133/290 [00:00<00:00, 410.65it/s, Materializing param=model.layers.10.self_attn.v_proj.weight]Loading weights:  46%|████▌     | 133/290 [00:00<00:00, 410.65it/s, Materializing param=model.layers.10.self_attn.v_proj.weight]Loading weights:  46%|████▌     | 134/290 [00:00<00:00, 410.65it/s, Materializing param=model.layers.11.input_layernorm.weight] Loading weights:  46%|████▌     | 134/290 [00:00<00:00, 410.65it/s, Materializing param=model.layers.11.input_layernorm.weight]Loading weights:  47%|████▋     | 135/290 [00:00<00:00, 410.65it/s, Materializing param=model.layers.11.mlp.down_proj.weight]  Loading weights:  47%|████▋     | 135/290 [00:00<00:00, 410.65it/s, Materializing param=model.layers.11.mlp.down_proj.weight]Loading weights:  47%|████▋     | 136/290 [00:00<00:00, 410.65it/s, Materializing param=model.layers.11.mlp.gate_proj.weight]Loading weights:  47%|████▋     | 136/290 [00:00<00:00, 410.65it/s, Materializing param=model.layers.11.mlp.gate_proj.weight]Loading weights:  47%|████▋     | 137/290 [00:00<00:00, 410.65it/s, Materializing param=model.layers.11.mlp.up_proj.weight]  Loading weights:  47%|████▋     | 137/290 [00:00<00:00, 410.65it/s, Materializing param=model.layers.11.mlp.up_proj.weight]Loading weights:  48%|████▊     | 138/290 [00:00<00:00, 410.65it/s, Materializing param=model.layers.11.post_attention_layernorm.weight]Loading weights:  48%|████▊     | 138/290 [00:00<00:00, 410.65it/s, Materializing param=model.layers.11.post_attention_layernorm.weight]Loading weights:  48%|████▊     | 139/290 [00:00<00:00, 410.65it/s, Materializing param=model.layers.11.self_attn.k_proj.bias]          Loading weights:  48%|████▊     | 139/290 [00:00<00:00, 410.65it/s, Materializing param=model.layers.11.self_attn.k_proj.bias]Loading weights:  48%|████▊     | 140/290 [00:00<00:00, 410.65it/s, Materializing param=model.layers.11.self_attn.k_proj.weight]Loading weights:  48%|████▊     | 140/290 [00:00<00:00, 410.65it/s, Materializing param=model.layers.11.self_attn.k_proj.weight]Loading weights:  49%|████▊     | 141/290 [00:00<00:00, 410.65it/s, Materializing param=model.layers.11.self_attn.o_proj.weight]Loading weights:  49%|████▊     | 141/290 [00:00<00:00, 410.65it/s, Materializing param=model.layers.11.self_attn.o_proj.weight]Loading weights:  49%|████▉     | 142/290 [00:00<00:00, 410.65it/s, Materializing param=model.layers.11.self_attn.q_proj.bias]  Loading weights:  49%|████▉     | 142/290 [00:00<00:00, 410.65it/s, Materializing param=model.layers.11.self_attn.q_proj.bias]Loading weights:  49%|████▉     | 143/290 [00:00<00:00, 410.65it/s, Materializing param=model.layers.11.self_attn.q_proj.weight]Loading weights:  49%|████▉     | 143/290 [00:00<00:00, 410.65it/s, Materializing param=model.layers.11.self_attn.q_proj.weight]Loading weights:  50%|████▉     | 144/290 [00:00<00:00, 410.65it/s, Materializing param=model.layers.11.self_attn.v_proj.bias]  Loading weights:  50%|████▉     | 144/290 [00:00<00:00, 410.65it/s, Materializing param=model.layers.11.self_attn.v_proj.bias]Loading weights:  50%|█████     | 145/290 [00:00<00:00, 410.65it/s, Materializing param=model.layers.11.self_attn.v_proj.weight]Loading weights:  50%|█████     | 145/290 [00:00<00:00, 410.65it/s, Materializing param=model.layers.11.self_attn.v_proj.weight]Loading weights:  50%|█████     | 146/290 [00:00<00:00, 410.65it/s, Materializing param=model.layers.12.input_layernorm.weight] Loading weights:  50%|█████     | 146/290 [00:00<00:00, 410.65it/s, Materializing param=model.layers.12.input_layernorm.weight]Loading weights:  51%|█████     | 147/290 [00:00<00:00, 410.65it/s, Materializing param=model.layers.12.mlp.down_proj.weight]  Loading weights:  51%|█████     | 147/290 [00:00<00:00, 410.65it/s, Materializing param=model.layers.12.mlp.down_proj.weight]Loading weights:  51%|█████     | 148/290 [00:00<00:00, 410.65it/s, Materializing param=model.layers.12.mlp.gate_proj.weight]Loading weights:  51%|█████     | 148/290 [00:00<00:00, 410.65it/s, Materializing param=model.layers.12.mlp.gate_proj.weight]Loading weights:  51%|█████▏    | 149/290 [00:00<00:00, 410.65it/s, Materializing param=model.layers.12.mlp.up_proj.weight]  Loading weights:  51%|█████▏    | 149/290 [00:00<00:00, 410.65it/s, Materializing param=model.layers.12.mlp.up_proj.weight]Loading weights:  52%|█████▏    | 150/290 [00:00<00:00, 410.65it/s, Materializing param=model.layers.12.post_attention_layernorm.weight]Loading weights:  52%|█████▏    | 150/290 [00:00<00:00, 410.65it/s, Materializing param=model.layers.12.post_attention_layernorm.weight]Loading weights:  52%|█████▏    | 151/290 [00:00<00:00, 410.65it/s, Materializing param=model.layers.12.self_attn.k_proj.bias]          Loading weights:  52%|█████▏    | 151/290 [00:00<00:00, 410.65it/s, Materializing param=model.layers.12.self_attn.k_proj.bias]Loading weights:  52%|█████▏    | 152/290 [00:00<00:00, 410.65it/s, Materializing param=model.layers.12.self_attn.k_proj.weight]Loading weights:  52%|█████▏    | 152/290 [00:00<00:00, 410.65it/s, Materializing param=model.layers.12.self_attn.k_proj.weight]Loading weights:  53%|█████▎    | 153/290 [00:00<00:00, 410.65it/s, Materializing param=model.layers.12.self_attn.o_proj.weight]Loading weights:  53%|█████▎    | 153/290 [00:00<00:00, 410.65it/s, Materializing param=model.layers.12.self_attn.o_proj.weight]Loading weights:  53%|█████▎    | 154/290 [00:00<00:00, 410.65it/s, Materializing param=model.layers.12.self_attn.q_proj.bias]  Loading weights:  53%|█████▎    | 154/290 [00:00<00:00, 410.65it/s, Materializing param=model.layers.12.self_attn.q_proj.bias]Loading weights:  53%|█████▎    | 155/290 [00:00<00:00, 410.65it/s, Materializing param=model.layers.12.self_attn.q_proj.weight]Loading weights:  53%|█████▎    | 155/290 [00:00<00:00, 410.65it/s, Materializing param=model.layers.12.self_attn.q_proj.weight]Loading weights:  54%|█████▍    | 156/290 [00:00<00:00, 410.65it/s, Materializing param=model.layers.12.self_attn.v_proj.bias]  Loading weights:  54%|█████▍    | 156/290 [00:00<00:00, 410.65it/s, Materializing param=model.layers.12.self_attn.v_proj.bias]Loading weights:  54%|█████▍    | 157/290 [00:00<00:00, 410.65it/s, Materializing param=model.layers.12.self_attn.v_proj.weight]Loading weights:  54%|█████▍    | 157/290 [00:00<00:00, 410.65it/s, Materializing param=model.layers.12.self_attn.v_proj.weight]Loading weights:  54%|█████▍    | 158/290 [00:00<00:00, 410.65it/s, Materializing param=model.layers.13.input_layernorm.weight] Loading weights:  54%|█████▍    | 158/290 [00:00<00:00, 410.65it/s, Materializing param=model.layers.13.input_layernorm.weight]Loading weights:  55%|█████▍    | 159/290 [00:00<00:00, 410.65it/s, Materializing param=model.layers.13.mlp.down_proj.weight]  Loading weights:  55%|█████▍    | 159/290 [00:00<00:00, 410.65it/s, Materializing param=model.layers.13.mlp.down_proj.weight]Loading weights:  55%|█████▌    | 160/290 [00:00<00:00, 410.65it/s, Materializing param=model.layers.13.mlp.gate_proj.weight]Loading weights:  55%|█████▌    | 160/290 [00:00<00:00, 410.65it/s, Materializing param=model.layers.13.mlp.gate_proj.weight]Loading weights:  56%|█████▌    | 161/290 [00:00<00:00, 410.65it/s, Materializing param=model.layers.13.mlp.up_proj.weight]  Loading weights:  56%|█████▌    | 161/290 [00:00<00:00, 410.65it/s, Materializing param=model.layers.13.mlp.up_proj.weight]Loading weights:  56%|█████▌    | 162/290 [00:00<00:00, 410.65it/s, Materializing param=model.layers.13.post_attention_layernorm.weight]Loading weights:  56%|█████▌    | 162/290 [00:00<00:00, 410.65it/s, Materializing param=model.layers.13.post_attention_layernorm.weight]Loading weights:  56%|█████▌    | 163/290 [00:00<00:00, 410.65it/s, Materializing param=model.layers.13.self_attn.k_proj.bias]          Loading weights:  56%|█████▌    | 163/290 [00:00<00:00, 410.65it/s, Materializing param=model.layers.13.self_attn.k_proj.bias]Loading weights:  57%|█████▋    | 164/290 [00:00<00:00, 410.65it/s, Materializing param=model.layers.13.self_attn.k_proj.weight]Loading weights:  57%|█████▋    | 164/290 [00:00<00:00, 410.65it/s, Materializing param=model.layers.13.self_attn.k_proj.weight]Loading weights:  57%|█████▋    | 165/290 [00:00<00:00, 410.65it/s, Materializing param=model.layers.13.self_attn.o_proj.weight]Loading weights:  57%|█████▋    | 165/290 [00:00<00:00, 410.65it/s, Materializing param=model.layers.13.self_attn.o_proj.weight]Loading weights:  57%|█████▋    | 166/290 [00:00<00:00, 410.65it/s, Materializing param=model.layers.13.self_attn.q_proj.bias]  Loading weights:  57%|█████▋    | 166/290 [00:00<00:00, 410.65it/s, Materializing param=model.layers.13.self_attn.q_proj.bias]Loading weights:  58%|█████▊    | 167/290 [00:00<00:00, 410.65it/s, Materializing param=model.layers.13.self_attn.q_proj.weight]Loading weights:  58%|█████▊    | 167/290 [00:00<00:00, 410.65it/s, Materializing param=model.layers.13.self_attn.q_proj.weight]Loading weights:  58%|█████▊    | 168/290 [00:00<00:00, 410.65it/s, Materializing param=model.layers.13.self_attn.v_proj.bias]  Loading weights:  58%|█████▊    | 168/290 [00:00<00:00, 410.65it/s, Materializing param=model.layers.13.self_attn.v_proj.bias]Loading weights:  58%|█████▊    | 169/290 [00:00<00:00, 410.65it/s, Materializing param=model.layers.13.self_attn.v_proj.weight]Loading weights:  58%|█████▊    | 169/290 [00:00<00:00, 410.65it/s, Materializing param=model.layers.13.self_attn.v_proj.weight]Loading weights:  59%|█████▊    | 170/290 [00:00<00:00, 410.65it/s, Materializing param=model.layers.14.input_layernorm.weight] Loading weights:  59%|█████▊    | 170/290 [00:00<00:00, 410.65it/s, Materializing param=model.layers.14.input_layernorm.weight]Loading weights:  59%|█████▉    | 171/290 [00:00<00:00, 410.65it/s, Materializing param=model.layers.14.mlp.down_proj.weight]  Loading weights:  59%|█████▉    | 171/290 [00:00<00:00, 410.65it/s, Materializing param=model.layers.14.mlp.down_proj.weight]Loading weights:  59%|█████▉    | 172/290 [00:00<00:00, 410.65it/s, Materializing param=model.layers.14.mlp.gate_proj.weight]Loading weights:  59%|█████▉    | 172/290 [00:00<00:00, 410.65it/s, Materializing param=model.layers.14.mlp.gate_proj.weight]Loading weights:  60%|█████▉    | 173/290 [00:00<00:00, 410.65it/s, Materializing param=model.layers.14.mlp.up_proj.weight]  Loading weights:  60%|█████▉    | 173/290 [00:00<00:00, 410.65it/s, Materializing param=model.layers.14.mlp.up_proj.weight]Loading weights:  60%|██████    | 174/290 [00:00<00:00, 410.65it/s, Materializing param=model.layers.14.post_attention_layernorm.weight]Loading weights:  60%|██████    | 174/290 [00:00<00:00, 410.65it/s, Materializing param=model.layers.14.post_attention_layernorm.weight]Loading weights:  60%|██████    | 175/290 [00:00<00:00, 410.65it/s, Materializing param=model.layers.14.self_attn.k_proj.bias]          Loading weights:  60%|██████    | 175/290 [00:00<00:00, 410.65it/s, Materializing param=model.layers.14.self_attn.k_proj.bias]Loading weights:  61%|██████    | 176/290 [00:00<00:00, 410.65it/s, Materializing param=model.layers.14.self_attn.k_proj.weight]Loading weights:  61%|██████    | 176/290 [00:00<00:00, 410.65it/s, Materializing param=model.layers.14.self_attn.k_proj.weight]Loading weights:  61%|██████    | 177/290 [00:00<00:00, 410.65it/s, Materializing param=model.layers.14.self_attn.o_proj.weight]Loading weights:  61%|██████    | 177/290 [00:00<00:00, 410.65it/s, Materializing param=model.layers.14.self_attn.o_proj.weight]Loading weights:  61%|██████▏   | 178/290 [00:00<00:00, 410.65it/s, Materializing param=model.layers.14.self_attn.q_proj.bias]  Loading weights:  61%|██████▏   | 178/290 [00:00<00:00, 410.65it/s, Materializing param=model.layers.14.self_attn.q_proj.bias]Loading weights:  62%|██████▏   | 179/290 [00:00<00:00, 410.65it/s, Materializing param=model.layers.14.self_attn.q_proj.weight]Loading weights:  62%|██████▏   | 179/290 [00:00<00:00, 410.65it/s, Materializing param=model.layers.14.self_attn.q_proj.weight]Loading weights:  62%|██████▏   | 180/290 [00:00<00:00, 410.65it/s, Materializing param=model.layers.14.self_attn.v_proj.bias]  Loading weights:  62%|██████▏   | 180/290 [00:00<00:00, 410.65it/s, Materializing param=model.layers.14.self_attn.v_proj.bias]Loading weights:  62%|██████▏   | 181/290 [00:00<00:00, 410.65it/s, Materializing param=model.layers.14.self_attn.v_proj.weight]Loading weights:  62%|██████▏   | 181/290 [00:00<00:00, 410.65it/s, Materializing param=model.layers.14.self_attn.v_proj.weight]Loading weights:  63%|██████▎   | 182/290 [00:00<00:00, 410.65it/s, Materializing param=model.layers.15.input_layernorm.weight] Loading weights:  63%|██████▎   | 182/290 [00:00<00:00, 410.65it/s, Materializing param=model.layers.15.input_layernorm.weight]Loading weights:  63%|██████▎   | 183/290 [00:00<00:00, 410.65it/s, Materializing param=model.layers.15.mlp.down_proj.weight]  Loading weights:  63%|██████▎   | 183/290 [00:00<00:00, 410.65it/s, Materializing param=model.layers.15.mlp.down_proj.weight]Loading weights:  63%|██████▎   | 184/290 [00:00<00:00, 410.65it/s, Materializing param=model.layers.15.mlp.gate_proj.weight]Loading weights:  63%|██████▎   | 184/290 [00:00<00:00, 410.65it/s, Materializing param=model.layers.15.mlp.gate_proj.weight]Loading weights:  64%|██████▍   | 185/290 [00:00<00:00, 410.65it/s, Materializing param=model.layers.15.mlp.up_proj.weight]  Loading weights:  64%|██████▍   | 185/290 [00:00<00:00, 410.65it/s, Materializing param=model.layers.15.mlp.up_proj.weight]Loading weights:  64%|██████▍   | 186/290 [00:00<00:00, 410.65it/s, Materializing param=model.layers.15.post_attention_layernorm.weight]Loading weights:  64%|██████▍   | 186/290 [00:00<00:00, 410.65it/s, Materializing param=model.layers.15.post_attention_layernorm.weight]Loading weights:  64%|██████▍   | 187/290 [00:00<00:00, 410.65it/s, Materializing param=model.layers.15.self_attn.k_proj.bias]          Loading weights:  64%|██████▍   | 187/290 [00:00<00:00, 410.65it/s, Materializing param=model.layers.15.self_attn.k_proj.bias]Loading weights:  65%|██████▍   | 188/290 [00:00<00:00, 410.65it/s, Materializing param=model.layers.15.self_attn.k_proj.weight]Loading weights:  65%|██████▍   | 188/290 [00:00<00:00, 410.65it/s, Materializing param=model.layers.15.self_attn.k_proj.weight]Loading weights:  65%|██████▌   | 189/290 [00:00<00:00, 410.65it/s, Materializing param=model.layers.15.self_attn.o_proj.weight]Loading weights:  65%|██████▌   | 189/290 [00:00<00:00, 410.65it/s, Materializing param=model.layers.15.self_attn.o_proj.weight]Loading weights:  66%|██████▌   | 190/290 [00:00<00:00, 410.65it/s, Materializing param=model.layers.15.self_attn.q_proj.bias]  Loading weights:  66%|██████▌   | 190/290 [00:00<00:00, 410.65it/s, Materializing param=model.layers.15.self_attn.q_proj.bias]Loading weights:  66%|██████▌   | 191/290 [00:00<00:00, 410.65it/s, Materializing param=model.layers.15.self_attn.q_proj.weight]Loading weights:  66%|██████▌   | 191/290 [00:00<00:00, 410.65it/s, Materializing param=model.layers.15.self_attn.q_proj.weight]Loading weights:  66%|██████▌   | 192/290 [00:00<00:00, 410.65it/s, Materializing param=model.layers.15.self_attn.v_proj.bias]  Loading weights:  66%|██████▌   | 192/290 [00:00<00:00, 410.65it/s, Materializing param=model.layers.15.self_attn.v_proj.bias]Loading weights:  67%|██████▋   | 193/290 [00:00<00:00, 410.65it/s, Materializing param=model.layers.15.self_attn.v_proj.weight]Loading weights:  67%|██████▋   | 193/290 [00:00<00:00, 410.65it/s, Materializing param=model.layers.15.self_attn.v_proj.weight]Loading weights:  67%|██████▋   | 194/290 [00:00<00:00, 410.65it/s, Materializing param=model.layers.16.input_layernorm.weight] Loading weights:  67%|██████▋   | 194/290 [00:00<00:00, 410.65it/s, Materializing param=model.layers.16.input_layernorm.weight]Loading weights:  67%|██████▋   | 195/290 [00:00<00:00, 410.65it/s, Materializing param=model.layers.16.mlp.down_proj.weight]  Loading weights:  67%|██████▋   | 195/290 [00:00<00:00, 410.65it/s, Materializing param=model.layers.16.mlp.down_proj.weight]Loading weights:  68%|██████▊   | 196/290 [00:00<00:00, 410.65it/s, Materializing param=model.layers.16.mlp.gate_proj.weight]Loading weights:  68%|██████▊   | 196/290 [00:00<00:00, 410.65it/s, Materializing param=model.layers.16.mlp.gate_proj.weight]Loading weights:  68%|██████▊   | 197/290 [00:00<00:00, 410.65it/s, Materializing param=model.layers.16.mlp.up_proj.weight]  Loading weights:  68%|██████▊   | 197/290 [00:00<00:00, 410.65it/s, Materializing param=model.layers.16.mlp.up_proj.weight]Loading weights:  68%|██████▊   | 198/290 [00:00<00:00, 410.65it/s, Materializing param=model.layers.16.post_attention_layernorm.weight]Loading weights:  68%|██████▊   | 198/290 [00:00<00:00, 410.65it/s, Materializing param=model.layers.16.post_attention_layernorm.weight]Loading weights:  69%|██████▊   | 199/290 [00:00<00:00, 410.65it/s, Materializing param=model.layers.16.self_attn.k_proj.bias]          Loading weights:  69%|██████▊   | 199/290 [00:00<00:00, 410.65it/s, Materializing param=model.layers.16.self_attn.k_proj.bias]Loading weights:  69%|██████▉   | 200/290 [00:00<00:00, 410.65it/s, Materializing param=model.layers.16.self_attn.k_proj.weight]Loading weights:  69%|██████▉   | 200/290 [00:00<00:00, 410.65it/s, Materializing param=model.layers.16.self_attn.k_proj.weight]Loading weights:  69%|██████▉   | 201/290 [00:00<00:00, 410.65it/s, Materializing param=model.layers.16.self_attn.o_proj.weight]Loading weights:  69%|██████▉   | 201/290 [00:00<00:00, 410.65it/s, Materializing param=model.layers.16.self_attn.o_proj.weight]Loading weights:  70%|██████▉   | 202/290 [00:00<00:00, 410.65it/s, Materializing param=model.layers.16.self_attn.q_proj.bias]  Loading weights:  70%|██████▉   | 202/290 [00:00<00:00, 410.65it/s, Materializing param=model.layers.16.self_attn.q_proj.bias]Loading weights:  70%|███████   | 203/290 [00:00<00:00, 410.65it/s, Materializing param=model.layers.16.self_attn.q_proj.weight]Loading weights:  70%|███████   | 203/290 [00:00<00:00, 410.65it/s, Materializing param=model.layers.16.self_attn.q_proj.weight]Loading weights:  70%|███████   | 204/290 [00:00<00:00, 410.65it/s, Materializing param=model.layers.16.self_attn.v_proj.bias]  Loading weights:  70%|███████   | 204/290 [00:00<00:00, 410.65it/s, Materializing param=model.layers.16.self_attn.v_proj.bias]Loading weights:  71%|███████   | 205/290 [00:00<00:00, 410.65it/s, Materializing param=model.layers.16.self_attn.v_proj.weight]Loading weights:  71%|███████   | 205/290 [00:00<00:00, 410.65it/s, Materializing param=model.layers.16.self_attn.v_proj.weight]Loading weights:  71%|███████   | 206/290 [00:00<00:00, 410.65it/s, Materializing param=model.layers.17.input_layernorm.weight] Loading weights:  71%|███████   | 206/290 [00:00<00:00, 410.65it/s, Materializing param=model.layers.17.input_layernorm.weight]Loading weights:  71%|███████▏  | 207/290 [00:00<00:00, 410.65it/s, Materializing param=model.layers.17.mlp.down_proj.weight]  Loading weights:  71%|███████▏  | 207/290 [00:00<00:00, 410.65it/s, Materializing param=model.layers.17.mlp.down_proj.weight]Loading weights:  72%|███████▏  | 208/290 [00:00<00:00, 410.65it/s, Materializing param=model.layers.17.mlp.gate_proj.weight]Loading weights:  72%|███████▏  | 208/290 [00:00<00:00, 410.65it/s, Materializing param=model.layers.17.mlp.gate_proj.weight]Loading weights:  72%|███████▏  | 209/290 [00:00<00:00, 410.65it/s, Materializing param=model.layers.17.mlp.up_proj.weight]  Loading weights:  72%|███████▏  | 209/290 [00:00<00:00, 410.65it/s, Materializing param=model.layers.17.mlp.up_proj.weight]Loading weights:  72%|███████▏  | 210/290 [00:00<00:00, 410.65it/s, Materializing param=model.layers.17.post_attention_layernorm.weight]Loading weights:  72%|███████▏  | 210/290 [00:00<00:00, 410.65it/s, Materializing param=model.layers.17.post_attention_layernorm.weight]Loading weights:  73%|███████▎  | 211/290 [00:00<00:00, 410.65it/s, Materializing param=model.layers.17.self_attn.k_proj.bias]          Loading weights:  73%|███████▎  | 211/290 [00:00<00:00, 410.65it/s, Materializing param=model.layers.17.self_attn.k_proj.bias]Loading weights:  73%|███████▎  | 212/290 [00:00<00:00, 410.65it/s, Materializing param=model.layers.17.self_attn.k_proj.weight]Loading weights:  73%|███████▎  | 212/290 [00:00<00:00, 410.65it/s, Materializing param=model.layers.17.self_attn.k_proj.weight]Loading weights:  73%|███████▎  | 213/290 [00:00<00:00, 410.65it/s, Materializing param=model.layers.17.self_attn.o_proj.weight]Loading weights:  73%|███████▎  | 213/290 [00:00<00:00, 410.65it/s, Materializing param=model.layers.17.self_attn.o_proj.weight]Loading weights:  74%|███████▍  | 214/290 [00:00<00:00, 410.65it/s, Materializing param=model.layers.17.self_attn.q_proj.bias]  Loading weights:  74%|███████▍  | 214/290 [00:00<00:00, 410.65it/s, Materializing param=model.layers.17.self_attn.q_proj.bias]Loading weights:  74%|███████▍  | 215/290 [00:00<00:00, 410.65it/s, Materializing param=model.layers.17.self_attn.q_proj.weight]Loading weights:  74%|███████▍  | 215/290 [00:00<00:00, 410.65it/s, Materializing param=model.layers.17.self_attn.q_proj.weight]Loading weights:  74%|███████▍  | 216/290 [00:00<00:00, 410.65it/s, Materializing param=model.layers.17.self_attn.v_proj.bias]  Loading weights:  74%|███████▍  | 216/290 [00:00<00:00, 410.65it/s, Materializing param=model.layers.17.self_attn.v_proj.bias]Loading weights:  75%|███████▍  | 217/290 [00:00<00:00, 410.65it/s, Materializing param=model.layers.17.self_attn.v_proj.weight]Loading weights:  75%|███████▍  | 217/290 [00:00<00:00, 410.65it/s, Materializing param=model.layers.17.self_attn.v_proj.weight]Loading weights:  75%|███████▌  | 218/290 [00:00<00:00, 410.65it/s, Materializing param=model.layers.18.input_layernorm.weight] Loading weights:  75%|███████▌  | 218/290 [00:00<00:00, 410.65it/s, Materializing param=model.layers.18.input_layernorm.weight]Loading weights:  76%|███████▌  | 219/290 [00:00<00:00, 410.65it/s, Materializing param=model.layers.18.mlp.down_proj.weight]  Loading weights:  76%|███████▌  | 219/290 [00:00<00:00, 410.65it/s, Materializing param=model.layers.18.mlp.down_proj.weight]Loading weights:  76%|███████▌  | 220/290 [00:00<00:00, 410.65it/s, Materializing param=model.layers.18.mlp.gate_proj.weight]Loading weights:  76%|███████▌  | 220/290 [00:00<00:00, 410.65it/s, Materializing param=model.layers.18.mlp.gate_proj.weight]Loading weights:  76%|███████▌  | 221/290 [00:00<00:00, 410.65it/s, Materializing param=model.layers.18.mlp.up_proj.weight]  Loading weights:  76%|███████▌  | 221/290 [00:00<00:00, 410.65it/s, Materializing param=model.layers.18.mlp.up_proj.weight]Loading weights:  77%|███████▋  | 222/290 [00:00<00:00, 410.65it/s, Materializing param=model.layers.18.post_attention_layernorm.weight]Loading weights:  77%|███████▋  | 222/290 [00:00<00:00, 410.65it/s, Materializing param=model.layers.18.post_attention_layernorm.weight]Loading weights:  77%|███████▋  | 223/290 [00:00<00:00, 410.65it/s, Materializing param=model.layers.18.self_attn.k_proj.bias]          Loading weights:  77%|███████▋  | 223/290 [00:00<00:00, 410.65it/s, Materializing param=model.layers.18.self_attn.k_proj.bias]Loading weights:  77%|███████▋  | 224/290 [00:00<00:00, 410.65it/s, Materializing param=model.layers.18.self_attn.k_proj.weight]Loading weights:  77%|███████▋  | 224/290 [00:00<00:00, 410.65it/s, Materializing param=model.layers.18.self_attn.k_proj.weight]Loading weights:  78%|███████▊  | 225/290 [00:00<00:00, 410.65it/s, Materializing param=model.layers.18.self_attn.o_proj.weight]Loading weights:  78%|███████▊  | 225/290 [00:00<00:00, 410.65it/s, Materializing param=model.layers.18.self_attn.o_proj.weight]Loading weights:  78%|███████▊  | 226/290 [00:00<00:00, 410.65it/s, Materializing param=model.layers.18.self_attn.q_proj.bias]  Loading weights:  78%|███████▊  | 226/290 [00:00<00:00, 410.65it/s, Materializing param=model.layers.18.self_attn.q_proj.bias]Loading weights:  78%|███████▊  | 227/290 [00:00<00:00, 410.65it/s, Materializing param=model.layers.18.self_attn.q_proj.weight]Loading weights:  78%|███████▊  | 227/290 [00:00<00:00, 410.65it/s, Materializing param=model.layers.18.self_attn.q_proj.weight]Loading weights:  79%|███████▊  | 228/290 [00:00<00:00, 410.65it/s, Materializing param=model.layers.18.self_attn.v_proj.bias]  Loading weights:  79%|███████▊  | 228/290 [00:00<00:00, 410.65it/s, Materializing param=model.layers.18.self_attn.v_proj.bias]Loading weights:  79%|███████▉  | 229/290 [00:00<00:00, 410.65it/s, Materializing param=model.layers.18.self_attn.v_proj.weight]Loading weights:  79%|███████▉  | 229/290 [00:00<00:00, 410.65it/s, Materializing param=model.layers.18.self_attn.v_proj.weight]Loading weights:  79%|███████▉  | 230/290 [00:00<00:00, 410.65it/s, Materializing param=model.layers.19.input_layernorm.weight] Loading weights:  79%|███████▉  | 230/290 [00:00<00:00, 410.65it/s, Materializing param=model.layers.19.input_layernorm.weight]Loading weights:  80%|███████▉  | 231/290 [00:00<00:00, 410.65it/s, Materializing param=model.layers.19.mlp.down_proj.weight]  Loading weights:  80%|███████▉  | 231/290 [00:00<00:00, 410.65it/s, Materializing param=model.layers.19.mlp.down_proj.weight]Loading weights:  80%|████████  | 232/290 [00:00<00:00, 574.28it/s, Materializing param=model.layers.19.mlp.down_proj.weight]Loading weights:  80%|████████  | 232/290 [00:00<00:00, 574.28it/s, Materializing param=model.layers.19.mlp.gate_proj.weight]Loading weights:  80%|████████  | 232/290 [00:00<00:00, 574.28it/s, Materializing param=model.layers.19.mlp.gate_proj.weight]Loading weights:  80%|████████  | 233/290 [00:00<00:00, 574.28it/s, Materializing param=model.layers.19.mlp.up_proj.weight]  Loading weights:  80%|████████  | 233/290 [00:00<00:00, 574.28it/s, Materializing param=model.layers.19.mlp.up_proj.weight]Loading weights:  81%|████████  | 234/290 [00:00<00:00, 574.28it/s, Materializing param=model.layers.19.post_attention_layernorm.weight]Loading weights:  81%|████████  | 234/290 [00:00<00:00, 574.28it/s, Materializing param=model.layers.19.post_attention_layernorm.weight]Loading weights:  81%|████████  | 235/290 [00:00<00:00, 574.28it/s, Materializing param=model.layers.19.self_attn.k_proj.bias]          Loading weights:  81%|████████  | 235/290 [00:00<00:00, 574.28it/s, Materializing param=model.layers.19.self_attn.k_proj.bias]Loading weights:  81%|████████▏ | 236/290 [00:00<00:00, 574.28it/s, Materializing param=model.layers.19.self_attn.k_proj.weight]Loading weights:  81%|████████▏ | 236/290 [00:00<00:00, 574.28it/s, Materializing param=model.layers.19.self_attn.k_proj.weight]Loading weights:  82%|████████▏ | 237/290 [00:00<00:00, 574.28it/s, Materializing param=model.layers.19.self_attn.o_proj.weight]Loading weights:  82%|████████▏ | 237/290 [00:00<00:00, 574.28it/s, Materializing param=model.layers.19.self_attn.o_proj.weight]Loading weights:  82%|████████▏ | 238/290 [00:00<00:00, 574.28it/s, Materializing param=model.layers.19.self_attn.q_proj.bias]  Loading weights:  82%|████████▏ | 238/290 [00:00<00:00, 574.28it/s, Materializing param=model.layers.19.self_attn.q_proj.bias]Loading weights:  82%|████████▏ | 239/290 [00:00<00:00, 574.28it/s, Materializing param=model.layers.19.self_attn.q_proj.weight]Loading weights:  82%|████████▏ | 239/290 [00:00<00:00, 574.28it/s, Materializing param=model.layers.19.self_attn.q_proj.weight]Loading weights:  83%|████████▎ | 240/290 [00:00<00:00, 574.28it/s, Materializing param=model.layers.19.self_attn.v_proj.bias]  Loading weights:  83%|████████▎ | 240/290 [00:00<00:00, 574.28it/s, Materializing param=model.layers.19.self_attn.v_proj.bias]Loading weights:  83%|████████▎ | 241/290 [00:00<00:00, 574.28it/s, Materializing param=model.layers.19.self_attn.v_proj.weight]Loading weights:  83%|████████▎ | 241/290 [00:00<00:00, 574.28it/s, Materializing param=model.layers.19.self_attn.v_proj.weight]Loading weights:  83%|████████▎ | 242/290 [00:00<00:00, 574.28it/s, Materializing param=model.layers.20.input_layernorm.weight] Loading weights:  83%|████████▎ | 242/290 [00:00<00:00, 574.28it/s, Materializing param=model.layers.20.input_layernorm.weight]Loading weights:  84%|████████▍ | 243/290 [00:00<00:00, 574.28it/s, Materializing param=model.layers.20.mlp.down_proj.weight]  Loading weights:  84%|████████▍ | 243/290 [00:00<00:00, 574.28it/s, Materializing param=model.layers.20.mlp.down_proj.weight]Loading weights:  84%|████████▍ | 244/290 [00:00<00:00, 574.28it/s, Materializing param=model.layers.20.mlp.gate_proj.weight]Loading weights:  84%|████████▍ | 244/290 [00:00<00:00, 574.28it/s, Materializing param=model.layers.20.mlp.gate_proj.weight]Loading weights:  84%|████████▍ | 245/290 [00:00<00:00, 574.28it/s, Materializing param=model.layers.20.mlp.up_proj.weight]  Loading weights:  84%|████████▍ | 245/290 [00:00<00:00, 574.28it/s, Materializing param=model.layers.20.mlp.up_proj.weight]Loading weights:  85%|████████▍ | 246/290 [00:00<00:00, 574.28it/s, Materializing param=model.layers.20.post_attention_layernorm.weight]Loading weights:  85%|████████▍ | 246/290 [00:00<00:00, 574.28it/s, Materializing param=model.layers.20.post_attention_layernorm.weight]Loading weights:  85%|████████▌ | 247/290 [00:00<00:00, 574.28it/s, Materializing param=model.layers.20.self_attn.k_proj.bias]          Loading weights:  85%|████████▌ | 247/290 [00:00<00:00, 574.28it/s, Materializing param=model.layers.20.self_attn.k_proj.bias]Loading weights:  86%|████████▌ | 248/290 [00:00<00:00, 574.28it/s, Materializing param=model.layers.20.self_attn.k_proj.weight]Loading weights:  86%|████████▌ | 248/290 [00:00<00:00, 574.28it/s, Materializing param=model.layers.20.self_attn.k_proj.weight]Loading weights:  86%|████████▌ | 249/290 [00:00<00:00, 574.28it/s, Materializing param=model.layers.20.self_attn.o_proj.weight]Loading weights:  86%|████████▌ | 249/290 [00:00<00:00, 574.28it/s, Materializing param=model.layers.20.self_attn.o_proj.weight]Loading weights:  86%|████████▌ | 250/290 [00:00<00:00, 574.28it/s, Materializing param=model.layers.20.self_attn.q_proj.bias]  Loading weights:  86%|████████▌ | 250/290 [00:00<00:00, 574.28it/s, Materializing param=model.layers.20.self_attn.q_proj.bias]Loading weights:  87%|████████▋ | 251/290 [00:00<00:00, 574.28it/s, Materializing param=model.layers.20.self_attn.q_proj.weight]Loading weights:  87%|████████▋ | 251/290 [00:00<00:00, 574.28it/s, Materializing param=model.layers.20.self_attn.q_proj.weight]Loading weights:  87%|████████▋ | 252/290 [00:00<00:00, 574.28it/s, Materializing param=model.layers.20.self_attn.v_proj.bias]  Loading weights:  87%|████████▋ | 252/290 [00:00<00:00, 574.28it/s, Materializing param=model.layers.20.self_attn.v_proj.bias]Loading weights:  87%|████████▋ | 253/290 [00:00<00:00, 574.28it/s, Materializing param=model.layers.20.self_attn.v_proj.weight]Loading weights:  87%|████████▋ | 253/290 [00:00<00:00, 574.28it/s, Materializing param=model.layers.20.self_attn.v_proj.weight]Loading weights:  88%|████████▊ | 254/290 [00:00<00:00, 574.28it/s, Materializing param=model.layers.21.input_layernorm.weight] Loading weights:  88%|████████▊ | 254/290 [00:00<00:00, 574.28it/s, Materializing param=model.layers.21.input_layernorm.weight]Loading weights:  88%|████████▊ | 255/290 [00:00<00:00, 574.28it/s, Materializing param=model.layers.21.mlp.down_proj.weight]  Loading weights:  88%|████████▊ | 255/290 [00:00<00:00, 574.28it/s, Materializing param=model.layers.21.mlp.down_proj.weight]Loading weights:  88%|████████▊ | 256/290 [00:00<00:00, 574.28it/s, Materializing param=model.layers.21.mlp.gate_proj.weight]Loading weights:  88%|████████▊ | 256/290 [00:00<00:00, 574.28it/s, Materializing param=model.layers.21.mlp.gate_proj.weight]Loading weights:  89%|████████▊ | 257/290 [00:00<00:00, 574.28it/s, Materializing param=model.layers.21.mlp.up_proj.weight]  Loading weights:  89%|████████▊ | 257/290 [00:00<00:00, 574.28it/s, Materializing param=model.layers.21.mlp.up_proj.weight]Loading weights:  89%|████████▉ | 258/290 [00:00<00:00, 574.28it/s, Materializing param=model.layers.21.post_attention_layernorm.weight]Loading weights:  89%|████████▉ | 258/290 [00:00<00:00, 574.28it/s, Materializing param=model.layers.21.post_attention_layernorm.weight]Loading weights:  89%|████████▉ | 259/290 [00:00<00:00, 574.28it/s, Materializing param=model.layers.21.self_attn.k_proj.bias]          Loading weights:  89%|████████▉ | 259/290 [00:00<00:00, 574.28it/s, Materializing param=model.layers.21.self_attn.k_proj.bias]Loading weights:  90%|████████▉ | 260/290 [00:00<00:00, 574.28it/s, Materializing param=model.layers.21.self_attn.k_proj.weight]Loading weights:  90%|████████▉ | 260/290 [00:00<00:00, 574.28it/s, Materializing param=model.layers.21.self_attn.k_proj.weight]Loading weights:  90%|█████████ | 261/290 [00:00<00:00, 574.28it/s, Materializing param=model.layers.21.self_attn.o_proj.weight]Loading weights:  90%|█████████ | 261/290 [00:00<00:00, 574.28it/s, Materializing param=model.layers.21.self_attn.o_proj.weight]Loading weights:  90%|█████████ | 262/290 [00:00<00:00, 574.28it/s, Materializing param=model.layers.21.self_attn.q_proj.bias]  Loading weights:  90%|█████████ | 262/290 [00:00<00:00, 574.28it/s, Materializing param=model.layers.21.self_attn.q_proj.bias]Loading weights:  91%|█████████ | 263/290 [00:00<00:00, 574.28it/s, Materializing param=model.layers.21.self_attn.q_proj.weight]Loading weights:  91%|█████████ | 263/290 [00:00<00:00, 574.28it/s, Materializing param=model.layers.21.self_attn.q_proj.weight]Loading weights:  91%|█████████ | 264/290 [00:00<00:00, 574.28it/s, Materializing param=model.layers.21.self_attn.v_proj.bias]  Loading weights:  91%|█████████ | 264/290 [00:00<00:00, 574.28it/s, Materializing param=model.layers.21.self_attn.v_proj.bias]Loading weights:  91%|█████████▏| 265/290 [00:00<00:00, 574.28it/s, Materializing param=model.layers.21.self_attn.v_proj.weight]Loading weights:  91%|█████████▏| 265/290 [00:00<00:00, 574.28it/s, Materializing param=model.layers.21.self_attn.v_proj.weight]Loading weights:  92%|█████████▏| 266/290 [00:00<00:00, 574.28it/s, Materializing param=model.layers.22.input_layernorm.weight] Loading weights:  92%|█████████▏| 266/290 [00:00<00:00, 574.28it/s, Materializing param=model.layers.22.input_layernorm.weight]Loading weights:  92%|█████████▏| 267/290 [00:00<00:00, 574.28it/s, Materializing param=model.layers.22.mlp.down_proj.weight]  Loading weights:  92%|█████████▏| 267/290 [00:00<00:00, 574.28it/s, Materializing param=model.layers.22.mlp.down_proj.weight]Loading weights:  92%|█████████▏| 268/290 [00:00<00:00, 574.28it/s, Materializing param=model.layers.22.mlp.gate_proj.weight]Loading weights:  92%|█████████▏| 268/290 [00:00<00:00, 574.28it/s, Materializing param=model.layers.22.mlp.gate_proj.weight]Loading weights:  93%|█████████▎| 269/290 [00:00<00:00, 574.28it/s, Materializing param=model.layers.22.mlp.up_proj.weight]  Loading weights:  93%|█████████▎| 269/290 [00:00<00:00, 574.28it/s, Materializing param=model.layers.22.mlp.up_proj.weight]Loading weights:  93%|█████████▎| 270/290 [00:00<00:00, 574.28it/s, Materializing param=model.layers.22.post_attention_layernorm.weight]Loading weights:  93%|█████████▎| 270/290 [00:00<00:00, 574.28it/s, Materializing param=model.layers.22.post_attention_layernorm.weight]Loading weights:  93%|█████████▎| 271/290 [00:00<00:00, 574.28it/s, Materializing param=model.layers.22.self_attn.k_proj.bias]          Loading weights:  93%|█████████▎| 271/290 [00:00<00:00, 574.28it/s, Materializing param=model.layers.22.self_attn.k_proj.bias]Loading weights:  94%|█████████▍| 272/290 [00:00<00:00, 574.28it/s, Materializing param=model.layers.22.self_attn.k_proj.weight]Loading weights:  94%|█████████▍| 272/290 [00:00<00:00, 574.28it/s, Materializing param=model.layers.22.self_attn.k_proj.weight]Loading weights:  94%|█████████▍| 273/290 [00:00<00:00, 574.28it/s, Materializing param=model.layers.22.self_attn.o_proj.weight]Loading weights:  94%|█████████▍| 273/290 [00:00<00:00, 574.28it/s, Materializing param=model.layers.22.self_attn.o_proj.weight]Loading weights:  94%|█████████▍| 274/290 [00:00<00:00, 574.28it/s, Materializing param=model.layers.22.self_attn.q_proj.bias]  Loading weights:  94%|█████████▍| 274/290 [00:00<00:00, 574.28it/s, Materializing param=model.layers.22.self_attn.q_proj.bias]Loading weights:  95%|█████████▍| 275/290 [00:00<00:00, 574.28it/s, Materializing param=model.layers.22.self_attn.q_proj.weight]Loading weights:  95%|█████████▍| 275/290 [00:00<00:00, 574.28it/s, Materializing param=model.layers.22.self_attn.q_proj.weight]Loading weights:  95%|█████████▌| 276/290 [00:00<00:00, 574.28it/s, Materializing param=model.layers.22.self_attn.v_proj.bias]  Loading weights:  95%|█████████▌| 276/290 [00:00<00:00, 574.28it/s, Materializing param=model.layers.22.self_attn.v_proj.bias]Loading weights:  96%|█████████▌| 277/290 [00:00<00:00, 574.28it/s, Materializing param=model.layers.22.self_attn.v_proj.weight]Loading weights:  96%|█████████▌| 277/290 [00:00<00:00, 574.28it/s, Materializing param=model.layers.22.self_attn.v_proj.weight]Loading weights:  96%|█████████▌| 278/290 [00:00<00:00, 574.28it/s, Materializing param=model.layers.23.input_layernorm.weight] Loading weights:  96%|█████████▌| 278/290 [00:00<00:00, 574.28it/s, Materializing param=model.layers.23.input_layernorm.weight]Loading weights:  96%|█████████▌| 279/290 [00:00<00:00, 574.28it/s, Materializing param=model.layers.23.mlp.down_proj.weight]  Loading weights:  96%|█████████▌| 279/290 [00:00<00:00, 574.28it/s, Materializing param=model.layers.23.mlp.down_proj.weight]Loading weights:  97%|█████████▋| 280/290 [00:00<00:00, 574.28it/s, Materializing param=model.layers.23.mlp.gate_proj.weight]Loading weights:  97%|█████████▋| 280/290 [00:00<00:00, 574.28it/s, Materializing param=model.layers.23.mlp.gate_proj.weight]Loading weights:  97%|█████████▋| 281/290 [00:00<00:00, 574.28it/s, Materializing param=model.layers.23.mlp.up_proj.weight]  Loading weights:  97%|█████████▋| 281/290 [00:00<00:00, 574.28it/s, Materializing param=model.layers.23.mlp.up_proj.weight]Loading weights:  97%|█████████▋| 282/290 [00:00<00:00, 574.28it/s, Materializing param=model.layers.23.post_attention_layernorm.weight]Loading weights:  97%|█████████▋| 282/290 [00:00<00:00, 574.28it/s, Materializing param=model.layers.23.post_attention_layernorm.weight]Loading weights:  98%|█████████▊| 283/290 [00:00<00:00, 574.28it/s, Materializing param=model.layers.23.self_attn.k_proj.bias]          Loading weights:  98%|█████████▊| 283/290 [00:00<00:00, 574.28it/s, Materializing param=model.layers.23.self_attn.k_proj.bias]Loading weights:  98%|█████████▊| 284/290 [00:00<00:00, 574.28it/s, Materializing param=model.layers.23.self_attn.k_proj.weight]Loading weights:  98%|█████████▊| 284/290 [00:00<00:00, 574.28it/s, Materializing param=model.layers.23.self_attn.k_proj.weight]Loading weights:  98%|█████████▊| 285/290 [00:00<00:00, 574.28it/s, Materializing param=model.layers.23.self_attn.o_proj.weight]Loading weights:  98%|█████████▊| 285/290 [00:00<00:00, 574.28it/s, Materializing param=model.layers.23.self_attn.o_proj.weight]Loading weights:  99%|█████████▊| 286/290 [00:00<00:00, 574.28it/s, Materializing param=model.layers.23.self_attn.q_proj.bias]  Loading weights:  99%|█████████▊| 286/290 [00:00<00:00, 574.28it/s, Materializing param=model.layers.23.self_attn.q_proj.bias]Loading weights:  99%|█████████▉| 287/290 [00:00<00:00, 574.28it/s, Materializing param=model.layers.23.self_attn.q_proj.weight]Loading weights:  99%|█████████▉| 287/290 [00:00<00:00, 574.28it/s, Materializing param=model.layers.23.self_attn.q_proj.weight]Loading weights:  99%|█████████▉| 288/290 [00:00<00:00, 574.28it/s, Materializing param=model.layers.23.self_attn.v_proj.bias]  Loading weights:  99%|█████████▉| 288/290 [00:00<00:00, 574.28it/s, Materializing param=model.layers.23.self_attn.v_proj.bias]Loading weights: 100%|█████████▉| 289/290 [00:00<00:00, 574.28it/s, Materializing param=model.layers.23.self_attn.v_proj.weight]Loading weights: 100%|█████████▉| 289/290 [00:00<00:00, 574.28it/s, Materializing param=model.layers.23.self_attn.v_proj.weight]Loading weights: 100%|██████████| 290/290 [00:00<00:00, 574.28it/s, Materializing param=model.norm.weight]                      Loading weights: 100%|██████████| 290/290 [00:00<00:00, 574.28it/s, Materializing param=model.norm.weight]Loading weights: 100%|██████████| 290/290 [00:00<00:00, 478.64it/s, Materializing param=model.norm.weight]
/kaggle/working/daystorm/src/daystorm/train/stage_a.py:214: UserWarning: Detected call of `lr_scheduler.step()` before `optimizer.step()`. In PyTorch 1.1.0 and later, you should call them in the opposite order: `optimizer.step()` before `lr_scheduler.step()`.  Failure to do this will result in PyTorch skipping the first value of the learning rate schedule. See more details at https://pytorch.org/docs/stable/optim.html#how-to-adjust-learning-rate
  sched.step()
  [fused  ] step     1/600  loss 4.9727  2s
  [fused  ] step    75/600  loss 0.2314  44s
  [fused  ] step   150/600  loss 0.2330  86s
  [fused  ] step   225/600  loss 0.1332  129s
  [fused  ] step   300/600  loss 0.1692  171s
  [fused  ] step   375/600  loss 0.0384  214s
  [fused  ] step   450/600  loss 0.1187  257s
  [fused  ] step   525/600  loss 0.0579  300s
  [fused  ] step   600/600  loss 0.0273  343s

saved fusion stack + train-split norm stats to /kaggle/working/ckpt_qwen05b
$ /usr/bin/python3 -m daystorm.eval.harness --ckpt /kaggle/working/ckpt_qwen05b --scenes 40 --max-eval 16 --max-new 220 --out /kaggle/working/eval_qwen05b
Warning: You are sending unauthenticated requests to the HF Hub. Please set a HF_TOKEN to enable higher rate limits and faster downloads.
WARNING: HashCache in use. Camera and audio embeddings are a fixed
  pseudo-random function of (scene, index), so they carry no visual or
  acoustic content - but they DO identify the scene, which a model can
  memorise. Camera and audio ablations below are therefore measuring
  scene-identity leakage, not perception. Re-run with --cache pointing
  at scripts/precompute_reference.py output before quoting any number.

Loading weights:   0%|          | 0/290 [00:00<?, ?it/s]Loading weights:   0%|          | 1/290 [00:00<00:00, 9425.40it/s, Materializing param=model.embed_tokens.weight]Loading weights:   0%|          | 1/290 [00:00<00:00, 4215.38it/s, Materializing param=model.embed_tokens.weight]Loading weights:   1%|          | 2/290 [00:00<00:46,  6.13it/s, Materializing param=model.embed_tokens.weight]  Loading weights:   1%|          | 2/290 [00:00<00:46,  6.13it/s, Materializing param=model.layers.0.input_layernorm.weight]Loading weights:   1%|          | 2/290 [00:00<00:46,  6.13it/s, Materializing param=model.layers.0.input_layernorm.weight]Loading weights:   1%|          | 3/290 [00:00<00:46,  6.13it/s, Materializing param=model.layers.0.mlp.down_proj.weight]  Loading weights:   1%|          | 3/290 [00:00<00:46,  6.13it/s, Materializing param=model.layers.0.mlp.down_proj.weight]Loading weights:   1%|▏         | 4/290 [00:00<00:46,  6.13it/s, Materializing param=model.layers.0.mlp.gate_proj.weight]Loading weights:   1%|▏         | 4/290 [00:00<00:46,  6.13it/s, Materializing param=model.layers.0.mlp.gate_proj.weight]Loading weights:   2%|▏         | 5/290 [00:00<00:46,  6.13it/s, Materializing param=model.layers.0.mlp.up_proj.weight]  Loading weights:   2%|▏         | 5/290 [00:00<00:46,  6.13it/s, Materializing param=model.layers.0.mlp.up_proj.weight]Loading weights:   2%|▏         | 6/290 [00:00<00:46,  6.13it/s, Materializing param=model.layers.0.post_attention_layernorm.weight]Loading weights:   2%|▏         | 6/290 [00:00<00:46,  6.13it/s, Materializing param=model.layers.0.post_attention_layernorm.weight]Loading weights:   2%|▏         | 7/290 [00:00<00:46,  6.13it/s, Materializing param=model.layers.0.self_attn.k_proj.bias]          Loading weights:   2%|▏         | 7/290 [00:00<00:46,  6.13it/s, Materializing param=model.layers.0.self_attn.k_proj.bias]Loading weights:   3%|▎         | 8/290 [00:00<00:45,  6.13it/s, Materializing param=model.layers.0.self_attn.k_proj.weight]Loading weights:   3%|▎         | 8/290 [00:00<00:45,  6.13it/s, Materializing param=model.layers.0.self_attn.k_proj.weight]Loading weights:   3%|▎         | 9/290 [00:00<00:45,  6.13it/s, Materializing param=model.layers.0.self_attn.o_proj.weight]Loading weights:   3%|▎         | 9/290 [00:00<00:45,  6.13it/s, Materializing param=model.layers.0.self_attn.o_proj.weight]Loading weights:   3%|▎         | 10/290 [00:00<00:45,  6.13it/s, Materializing param=model.layers.0.self_attn.q_proj.bias] Loading weights:   3%|▎         | 10/290 [00:00<00:45,  6.13it/s, Materializing param=model.layers.0.self_attn.q_proj.bias]Loading weights:   4%|▍         | 11/290 [00:00<00:45,  6.13it/s, Materializing param=model.layers.0.self_attn.q_proj.weight]Loading weights:   4%|▍         | 11/290 [00:00<00:45,  6.13it/s, Materializing param=model.layers.0.self_attn.q_proj.weight]Loading weights:   4%|▍         | 12/290 [00:00<00:45,  6.13it/s, Materializing param=model.layers.0.self_attn.v_proj.bias]  Loading weights:   4%|▍         | 12/290 [00:00<00:45,  6.13it/s, Materializing param=model.layers.0.self_attn.v_proj.bias]Loading weights:   4%|▍         | 13/290 [00:00<00:45,  6.13it/s, Materializing param=model.layers.0.self_attn.v_proj.weight]Loading weights:   4%|▍         | 13/290 [00:00<00:45,  6.13it/s, Materializing param=model.layers.0.self_attn.v_proj.weight]Loading weights:   5%|▍         | 14/290 [00:00<00:44,  6.13it/s, Materializing param=model.layers.1.input_layernorm.weight] Loading weights:   5%|▍         | 14/290 [00:00<00:44,  6.13it/s, Materializing param=model.layers.1.input_layernorm.weight]Loading weights:   5%|▌         | 15/290 [00:00<00:44,  6.13it/s, Materializing param=model.layers.1.mlp.down_proj.weight]  Loading weights:   5%|▌         | 15/290 [00:00<00:44,  6.13it/s, Materializing param=model.layers.1.mlp.down_proj.weight]Loading weights:   6%|▌         | 16/290 [00:00<00:44,  6.13it/s, Materializing param=model.layers.1.mlp.gate_proj.weight]Loading weights:   6%|▌         | 16/290 [00:00<00:44,  6.13it/s, Materializing param=model.layers.1.mlp.gate_proj.weight]Loading weights:   6%|▌         | 17/290 [00:00<00:44,  6.13it/s, Materializing param=model.layers.1.mlp.up_proj.weight]  Loading weights:   6%|▌         | 17/290 [00:00<00:44,  6.13it/s, Materializing param=model.layers.1.mlp.up_proj.weight]Loading weights:   6%|▌         | 18/290 [00:00<00:44,  6.13it/s, Materializing param=model.layers.1.post_attention_layernorm.weight]Loading weights:   6%|▌         | 18/290 [00:00<00:44,  6.13it/s, Materializing param=model.layers.1.post_attention_layernorm.weight]Loading weights:   7%|▋         | 19/290 [00:00<00:44,  6.13it/s, Materializing param=model.layers.1.self_attn.k_proj.bias]          Loading weights:   7%|▋         | 19/290 [00:00<00:44,  6.13it/s, Materializing param=model.layers.1.self_attn.k_proj.bias]Loading weights:   7%|▋         | 20/290 [00:00<00:44,  6.13it/s, Materializing param=model.layers.1.self_attn.k_proj.weight]Loading weights:   7%|▋         | 20/290 [00:00<00:44,  6.13it/s, Materializing param=model.layers.1.self_attn.k_proj.weight]Loading weights:   7%|▋         | 21/290 [00:00<00:43,  6.13it/s, Materializing param=model.layers.1.self_attn.o_proj.weight]Loading weights:   7%|▋         | 21/290 [00:00<00:43,  6.13it/s, Materializing param=model.layers.1.self_attn.o_proj.weight]Loading weights:   8%|▊         | 22/290 [00:00<00:43,  6.13it/s, Materializing param=model.layers.1.self_attn.q_proj.bias]  Loading weights:   8%|▊         | 22/290 [00:00<00:43,  6.13it/s, Materializing param=model.layers.1.self_attn.q_proj.bias]Loading weights:   8%|▊         | 23/290 [00:00<00:43,  6.13it/s, Materializing param=model.layers.1.self_attn.q_proj.weight]Loading weights:   8%|▊         | 23/290 [00:00<00:43,  6.13it/s, Materializing param=model.layers.1.self_attn.q_proj.weight]Loading weights:   8%|▊         | 24/290 [00:00<00:43,  6.13it/s, Materializing param=model.layers.1.self_attn.v_proj.bias]  Loading weights:   8%|▊         | 24/290 [00:00<00:43,  6.13it/s, Materializing param=model.layers.1.self_attn.v_proj.bias]Loading weights:   9%|▊         | 25/290 [00:00<00:43,  6.13it/s, Materializing param=model.layers.1.self_attn.v_proj.weight]Loading weights:   9%|▊         | 25/290 [00:00<00:43,  6.13it/s, Materializing param=model.layers.1.self_attn.v_proj.weight]Loading weights:   9%|▉         | 26/290 [00:00<00:43,  6.13it/s, Materializing param=model.layers.2.input_layernorm.weight] Loading weights:   9%|▉         | 26/290 [00:00<00:43,  6.13it/s, Materializing param=model.layers.2.input_layernorm.weight]Loading weights:   9%|▉         | 27/290 [00:00<00:42,  6.13it/s, Materializing param=model.layers.2.mlp.down_proj.weight]  Loading weights:   9%|▉         | 27/290 [00:00<00:42,  6.13it/s, Materializing param=model.layers.2.mlp.down_proj.weight]Loading weights:  10%|▉         | 28/290 [00:00<00:42,  6.13it/s, Materializing param=model.layers.2.mlp.gate_proj.weight]Loading weights:  10%|▉         | 28/290 [00:00<00:42,  6.13it/s, Materializing param=model.layers.2.mlp.gate_proj.weight]Loading weights:  10%|█         | 29/290 [00:00<00:42,  6.13it/s, Materializing param=model.layers.2.mlp.up_proj.weight]  Loading weights:  10%|█         | 29/290 [00:00<00:42,  6.13it/s, Materializing param=model.layers.2.mlp.up_proj.weight]Loading weights:  10%|█         | 30/290 [00:00<00:42,  6.13it/s, Materializing param=model.layers.2.post_attention_layernorm.weight]Loading weights:  10%|█         | 30/290 [00:00<00:42,  6.13it/s, Materializing param=model.layers.2.post_attention_layernorm.weight]Loading weights:  11%|█         | 31/290 [00:00<00:42,  6.13it/s, Materializing param=model.layers.2.self_attn.k_proj.bias]          Loading weights:  11%|█         | 31/290 [00:00<00:42,  6.13it/s, Materializing param=model.layers.2.self_attn.k_proj.bias]Loading weights:  11%|█         | 32/290 [00:00<00:42,  6.13it/s, Materializing param=model.layers.2.self_attn.k_proj.weight]Loading weights:  11%|█         | 32/290 [00:00<00:42,  6.13it/s, Materializing param=model.layers.2.self_attn.k_proj.weight]Loading weights:  11%|█▏        | 33/290 [00:00<00:41,  6.13it/s, Materializing param=model.layers.2.self_attn.o_proj.weight]Loading weights:  11%|█▏        | 33/290 [00:00<00:41,  6.13it/s, Materializing param=model.layers.2.self_attn.o_proj.weight]Loading weights:  12%|█▏        | 34/290 [00:00<00:41,  6.13it/s, Materializing param=model.layers.2.self_attn.q_proj.bias]  Loading weights:  12%|█▏        | 34/290 [00:00<00:41,  6.13it/s, Materializing param=model.layers.2.self_attn.q_proj.bias]Loading weights:  12%|█▏        | 35/290 [00:00<00:41,  6.13it/s, Materializing param=model.layers.2.self_attn.q_proj.weight]Loading weights:  12%|█▏        | 35/290 [00:00<00:41,  6.13it/s, Materializing param=model.layers.2.self_attn.q_proj.weight]Loading weights:  12%|█▏        | 36/290 [00:00<00:41,  6.13it/s, Materializing param=model.layers.2.self_attn.v_proj.bias]  Loading weights:  12%|█▏        | 36/290 [00:00<00:41,  6.13it/s, Materializing param=model.layers.2.self_attn.v_proj.bias]Loading weights:  13%|█▎        | 37/290 [00:00<00:41,  6.13it/s, Materializing param=model.layers.2.self_attn.v_proj.weight]Loading weights:  13%|█▎        | 37/290 [00:00<00:41,  6.13it/s, Materializing param=model.layers.2.self_attn.v_proj.weight]Loading weights:  13%|█▎        | 38/290 [00:00<00:41,  6.13it/s, Materializing param=model.layers.3.input_layernorm.weight] Loading weights:  13%|█▎        | 38/290 [00:00<00:41,  6.13it/s, Materializing param=model.layers.3.input_layernorm.weight]Loading weights:  13%|█▎        | 39/290 [00:00<00:40,  6.13it/s, Materializing param=model.layers.3.mlp.down_proj.weight]  Loading weights:  13%|█▎        | 39/290 [00:00<00:40,  6.13it/s, Materializing param=model.layers.3.mlp.down_proj.weight]Loading weights:  14%|█▍        | 40/290 [00:00<00:40,  6.13it/s, Materializing param=model.layers.3.mlp.gate_proj.weight]Loading weights:  14%|█▍        | 40/290 [00:00<00:40,  6.13it/s, Materializing param=model.layers.3.mlp.gate_proj.weight]Loading weights:  14%|█▍        | 41/290 [00:00<00:40,  6.13it/s, Materializing param=model.layers.3.mlp.up_proj.weight]  Loading weights:  14%|█▍        | 41/290 [00:00<00:40,  6.13it/s, Materializing param=model.layers.3.mlp.up_proj.weight]Loading weights:  14%|█▍        | 42/290 [00:00<00:40,  6.13it/s, Materializing param=model.layers.3.post_attention_layernorm.weight]Loading weights:  14%|█▍        | 42/290 [00:00<00:40,  6.13it/s, Materializing param=model.layers.3.post_attention_layernorm.weight]Loading weights:  15%|█▍        | 43/290 [00:00<00:40,  6.13it/s, Materializing param=model.layers.3.self_attn.k_proj.bias]          Loading weights:  15%|█▍        | 43/290 [00:00<00:40,  6.13it/s, Materializing param=model.layers.3.self_attn.k_proj.bias]Loading weights:  15%|█▌        | 44/290 [00:00<00:40,  6.13it/s, Materializing param=model.layers.3.self_attn.k_proj.weight]Loading weights:  15%|█▌        | 44/290 [00:00<00:40,  6.13it/s, Materializing param=model.layers.3.self_attn.k_proj.weight]Loading weights:  16%|█▌        | 45/290 [00:00<00:39,  6.13it/s, Materializing param=model.layers.3.self_attn.o_proj.weight]Loading weights:  16%|█▌        | 45/290 [00:00<00:39,  6.13it/s, Materializing param=model.layers.3.self_attn.o_proj.weight]Loading weights:  16%|█▌        | 46/290 [00:00<00:39,  6.13it/s, Materializing param=model.layers.3.self_attn.q_proj.bias]  Loading weights:  16%|█▌        | 46/290 [00:00<00:39,  6.13it/s, Materializing param=model.layers.3.self_attn.q_proj.bias]Loading weights:  16%|█▌        | 47/290 [00:00<00:39,  6.13it/s, Materializing param=model.layers.3.self_attn.q_proj.weight]Loading weights:  16%|█▌        | 47/290 [00:00<00:39,  6.13it/s, Materializing param=model.layers.3.self_attn.q_proj.weight]Loading weights:  17%|█▋        | 48/290 [00:00<00:39,  6.13it/s, Materializing param=model.layers.3.self_attn.v_proj.bias]  Loading weights:  17%|█▋        | 48/290 [00:00<00:39,  6.13it/s, Materializing param=model.layers.3.self_attn.v_proj.bias]Loading weights:  17%|█▋        | 49/290 [00:00<00:39,  6.13it/s, Materializing param=model.layers.3.self_attn.v_proj.weight]Loading weights:  17%|█▋        | 49/290 [00:00<00:39,  6.13it/s, Materializing param=model.layers.3.self_attn.v_proj.weight]Loading weights:  17%|█▋        | 50/290 [00:00<00:39,  6.13it/s, Materializing param=model.layers.4.input_layernorm.weight] Loading weights:  17%|█▋        | 50/290 [00:00<00:39,  6.13it/s, Materializing param=model.layers.4.input_layernorm.weight]Loading weights:  18%|█▊        | 51/290 [00:00<00:38,  6.13it/s, Materializing param=model.layers.4.mlp.down_proj.weight]  Loading weights:  18%|█▊        | 51/290 [00:00<00:38,  6.13it/s, Materializing param=model.layers.4.mlp.down_proj.weight]Loading weights:  18%|█▊        | 52/290 [00:00<00:38,  6.13it/s, Materializing param=model.layers.4.mlp.gate_proj.weight]Loading weights:  18%|█▊        | 52/290 [00:00<00:38,  6.13it/s, Materializing param=model.layers.4.mlp.gate_proj.weight]Loading weights:  18%|█▊        | 53/290 [00:00<00:38,  6.13it/s, Materializing param=model.layers.4.mlp.up_proj.weight]  Loading weights:  18%|█▊        | 53/290 [00:00<00:38,  6.13it/s, Materializing param=model.layers.4.mlp.up_proj.weight]Loading weights:  19%|█▊        | 54/290 [00:00<00:38,  6.13it/s, Materializing param=model.layers.4.post_attention_layernorm.weight]Loading weights:  19%|█▊        | 54/290 [00:00<00:38,  6.13it/s, Materializing param=model.layers.4.post_attention_layernorm.weight]Loading weights:  19%|█▉        | 55/290 [00:00<00:38,  6.13it/s, Materializing param=model.layers.4.self_attn.k_proj.bias]          Loading weights:  19%|█▉        | 55/290 [00:00<00:38,  6.13it/s, Materializing param=model.layers.4.self_attn.k_proj.bias]Loading weights:  19%|█▉        | 56/290 [00:00<00:38,  6.13it/s, Materializing param=model.layers.4.self_attn.k_proj.weight]Loading weights:  19%|█▉        | 56/290 [00:00<00:38,  6.13it/s, Materializing param=model.layers.4.self_attn.k_proj.weight]Loading weights:  20%|█▉        | 57/290 [00:00<00:37,  6.13it/s, Materializing param=model.layers.4.self_attn.o_proj.weight]Loading weights:  20%|█▉        | 57/290 [00:00<00:37,  6.13it/s, Materializing param=model.layers.4.self_attn.o_proj.weight]Loading weights:  20%|██        | 58/290 [00:00<00:37,  6.13it/s, Materializing param=model.layers.4.self_attn.q_proj.bias]  Loading weights:  20%|██        | 58/290 [00:00<00:37,  6.13it/s, Materializing param=model.layers.4.self_attn.q_proj.bias]Loading weights:  20%|██        | 59/290 [00:00<00:37,  6.13it/s, Materializing param=model.layers.4.self_attn.q_proj.weight]Loading weights:  20%|██        | 59/290 [00:00<00:37,  6.13it/s, Materializing param=model.layers.4.self_attn.q_proj.weight]Loading weights:  21%|██        | 60/290 [00:00<00:37,  6.13it/s, Materializing param=model.layers.4.self_attn.v_proj.bias]  Loading weights:  21%|██        | 60/290 [00:00<00:37,  6.13it/s, Materializing param=model.layers.4.self_attn.v_proj.bias]Loading weights:  21%|██        | 61/290 [00:00<00:37,  6.13it/s, Materializing param=model.layers.4.self_attn.v_proj.weight]Loading weights:  21%|██        | 61/290 [00:00<00:37,  6.13it/s, Materializing param=model.layers.4.self_attn.v_proj.weight]Loading weights:  21%|██▏       | 62/290 [00:00<00:37,  6.13it/s, Materializing param=model.layers.5.input_layernorm.weight] Loading weights:  21%|██▏       | 62/290 [00:00<00:37,  6.13it/s, Materializing param=model.layers.5.input_layernorm.weight]Loading weights:  22%|██▏       | 63/290 [00:00<00:37,  6.13it/s, Materializing param=model.layers.5.mlp.down_proj.weight]  Loading weights:  22%|██▏       | 63/290 [00:00<00:37,  6.13it/s, Materializing param=model.layers.5.mlp.down_proj.weight]Loading weights:  22%|██▏       | 64/290 [00:00<00:36,  6.13it/s, Materializing param=model.layers.5.mlp.gate_proj.weight]Loading weights:  22%|██▏       | 64/290 [00:00<00:36,  6.13it/s, Materializing param=model.layers.5.mlp.gate_proj.weight]Loading weights:  22%|██▏       | 65/290 [00:00<00:36,  6.13it/s, Materializing param=model.layers.5.mlp.up_proj.weight]  Loading weights:  22%|██▏       | 65/290 [00:00<00:36,  6.13it/s, Materializing param=model.layers.5.mlp.up_proj.weight]Loading weights:  23%|██▎       | 66/290 [00:00<00:36,  6.13it/s, Materializing param=model.layers.5.post_attention_layernorm.weight]Loading weights:  23%|██▎       | 66/290 [00:00<00:36,  6.13it/s, Materializing param=model.layers.5.post_attention_layernorm.weight]Loading weights:  23%|██▎       | 67/290 [00:00<00:36,  6.13it/s, Materializing param=model.layers.5.self_attn.k_proj.bias]          Loading weights:  23%|██▎       | 67/290 [00:00<00:36,  6.13it/s, Materializing param=model.layers.5.self_attn.k_proj.bias]Loading weights:  23%|██▎       | 68/290 [00:00<00:36,  6.13it/s, Materializing param=model.layers.5.self_attn.k_proj.weight]Loading weights:  23%|██▎       | 68/290 [00:00<00:36,  6.13it/s, Materializing param=model.layers.5.self_attn.k_proj.weight]Loading weights:  24%|██▍       | 69/290 [00:00<00:36,  6.13it/s, Materializing param=model.layers.5.self_attn.o_proj.weight]Loading weights:  24%|██▍       | 69/290 [00:00<00:36,  6.13it/s, Materializing param=model.layers.5.self_attn.o_proj.weight]Loading weights:  24%|██▍       | 70/290 [00:00<00:35,  6.13it/s, Materializing param=model.layers.5.self_attn.q_proj.bias]  Loading weights:  24%|██▍       | 70/290 [00:00<00:35,  6.13it/s, Materializing param=model.layers.5.self_attn.q_proj.bias]Loading weights:  24%|██▍       | 71/290 [00:00<00:35,  6.13it/s, Materializing param=model.layers.5.self_attn.q_proj.weight]Loading weights:  24%|██▍       | 71/290 [00:00<00:35,  6.13it/s, Materializing param=model.layers.5.self_attn.q_proj.weight]Loading weights:  25%|██▍       | 72/290 [00:00<00:35,  6.13it/s, Materializing param=model.layers.5.self_attn.v_proj.bias]  Loading weights:  25%|██▍       | 72/290 [00:00<00:35,  6.13it/s, Materializing param=model.layers.5.self_attn.v_proj.bias]Loading weights:  25%|██▌       | 73/290 [00:00<00:35,  6.13it/s, Materializing param=model.layers.5.self_attn.v_proj.weight]Loading weights:  25%|██▌       | 73/290 [00:00<00:35,  6.13it/s, Materializing param=model.layers.5.self_attn.v_proj.weight]Loading weights:  26%|██▌       | 74/290 [00:00<00:35,  6.13it/s, Materializing param=model.layers.6.input_layernorm.weight] Loading weights:  26%|██▌       | 74/290 [00:00<00:35,  6.13it/s, Materializing param=model.layers.6.input_layernorm.weight]Loading weights:  26%|██▌       | 75/290 [00:00<00:35,  6.13it/s, Materializing param=model.layers.6.mlp.down_proj.weight]  Loading weights:  26%|██▌       | 75/290 [00:00<00:35,  6.13it/s, Materializing param=model.layers.6.mlp.down_proj.weight]Loading weights:  26%|██▌       | 76/290 [00:00<00:34,  6.13it/s, Materializing param=model.layers.6.mlp.gate_proj.weight]Loading weights:  26%|██▌       | 76/290 [00:00<00:34,  6.13it/s, Materializing param=model.layers.6.mlp.gate_proj.weight]Loading weights:  27%|██▋       | 77/290 [00:00<00:34,  6.13it/s, Materializing param=model.layers.6.mlp.up_proj.weight]  Loading weights:  27%|██▋       | 77/290 [00:00<00:34,  6.13it/s, Materializing param=model.layers.6.mlp.up_proj.weight]Loading weights:  27%|██▋       | 78/290 [00:00<00:34,  6.13it/s, Materializing param=model.layers.6.post_attention_layernorm.weight]Loading weights:  27%|██▋       | 78/290 [00:00<00:34,  6.13it/s, Materializing param=model.layers.6.post_attention_layernorm.weight]Loading weights:  27%|██▋       | 79/290 [00:00<00:34,  6.13it/s, Materializing param=model.layers.6.self_attn.k_proj.bias]          Loading weights:  27%|██▋       | 79/290 [00:00<00:34,  6.13it/s, Materializing param=model.layers.6.self_attn.k_proj.bias]Loading weights:  28%|██▊       | 80/290 [00:00<00:34,  6.13it/s, Materializing param=model.layers.6.self_attn.k_proj.weight]Loading weights:  28%|██▊       | 80/290 [00:00<00:34,  6.13it/s, Materializing param=model.layers.6.self_attn.k_proj.weight]Loading weights:  28%|██▊       | 81/290 [00:00<00:34,  6.13it/s, Materializing param=model.layers.6.self_attn.o_proj.weight]Loading weights:  28%|██▊       | 81/290 [00:00<00:34,  6.13it/s, Materializing param=model.layers.6.self_attn.o_proj.weight]Loading weights:  28%|██▊       | 82/290 [00:00<00:33,  6.13it/s, Materializing param=model.layers.6.self_attn.q_proj.bias]  Loading weights:  28%|██▊       | 82/290 [00:00<00:33,  6.13it/s, Materializing param=model.layers.6.self_attn.q_proj.bias]Loading weights:  29%|██▊       | 83/290 [00:00<00:33,  6.13it/s, Materializing param=model.layers.6.self_attn.q_proj.weight]Loading weights:  29%|██▊       | 83/290 [00:00<00:33,  6.13it/s, Materializing param=model.layers.6.self_attn.q_proj.weight]Loading weights:  29%|██▉       | 84/290 [00:00<00:33,  6.13it/s, Materializing param=model.layers.6.self_attn.v_proj.bias]  Loading weights:  29%|██▉       | 84/290 [00:00<00:33,  6.13it/s, Materializing param=model.layers.6.self_attn.v_proj.bias]Loading weights:  29%|██▉       | 85/290 [00:00<00:33,  6.13it/s, Materializing param=model.layers.6.self_attn.v_proj.weight]Loading weights:  29%|██▉       | 85/290 [00:00<00:33,  6.13it/s, Materializing param=model.layers.6.self_attn.v_proj.weight]Loading weights:  30%|██▉       | 86/290 [00:00<00:33,  6.13it/s, Materializing param=model.layers.7.input_layernorm.weight] Loading weights:  30%|██▉       | 86/290 [00:00<00:33,  6.13it/s, Materializing param=model.layers.7.input_layernorm.weight]Loading weights:  30%|███       | 87/290 [00:00<00:33,  6.13it/s, Materializing param=model.layers.7.mlp.down_proj.weight]  Loading weights:  30%|███       | 87/290 [00:00<00:33,  6.13it/s, Materializing param=model.layers.7.mlp.down_proj.weight]Loading weights:  30%|███       | 88/290 [00:00<00:32,  6.13it/s, Materializing param=model.layers.7.mlp.gate_proj.weight]Loading weights:  30%|███       | 88/290 [00:00<00:32,  6.13it/s, Materializing param=model.layers.7.mlp.gate_proj.weight]Loading weights:  31%|███       | 89/290 [00:00<00:32,  6.13it/s, Materializing param=model.layers.7.mlp.up_proj.weight]  Loading weights:  31%|███       | 89/290 [00:00<00:32,  6.13it/s, Materializing param=model.layers.7.mlp.up_proj.weight]Loading weights:  31%|███       | 90/290 [00:00<00:32,  6.13it/s, Materializing param=model.layers.7.post_attention_layernorm.weight]Loading weights:  31%|███       | 90/290 [00:00<00:32,  6.13it/s, Materializing param=model.layers.7.post_attention_layernorm.weight]Loading weights:  31%|███▏      | 91/290 [00:00<00:32,  6.13it/s, Materializing param=model.layers.7.self_attn.k_proj.bias]          Loading weights:  31%|███▏      | 91/290 [00:00<00:32,  6.13it/s, Materializing param=model.layers.7.self_attn.k_proj.bias]Loading weights:  32%|███▏      | 92/290 [00:00<00:32,  6.13it/s, Materializing param=model.layers.7.self_attn.k_proj.weight]Loading weights:  32%|███▏      | 92/290 [00:00<00:32,  6.13it/s, Materializing param=model.layers.7.self_attn.k_proj.weight]Loading weights:  32%|███▏      | 93/290 [00:00<00:32,  6.13it/s, Materializing param=model.layers.7.self_attn.o_proj.weight]Loading weights:  32%|███▏      | 93/290 [00:00<00:32,  6.13it/s, Materializing param=model.layers.7.self_attn.o_proj.weight]Loading weights:  32%|███▏      | 94/290 [00:00<00:31,  6.13it/s, Materializing param=model.layers.7.self_attn.q_proj.bias]  Loading weights:  32%|███▏      | 94/290 [00:00<00:31,  6.13it/s, Materializing param=model.layers.7.self_attn.q_proj.bias]Loading weights:  33%|███▎      | 95/290 [00:00<00:31,  6.13it/s, Materializing param=model.layers.7.self_attn.q_proj.weight]Loading weights:  33%|███▎      | 95/290 [00:00<00:31,  6.13it/s, Materializing param=model.layers.7.self_attn.q_proj.weight]Loading weights:  33%|███▎      | 96/290 [00:00<00:31,  6.13it/s, Materializing param=model.layers.7.self_attn.v_proj.bias]  Loading weights:  33%|███▎      | 96/290 [00:00<00:31,  6.13it/s, Materializing param=model.layers.7.self_attn.v_proj.bias]Loading weights:  33%|███▎      | 97/290 [00:00<00:31,  6.13it/s, Materializing param=model.layers.7.self_attn.v_proj.weight]Loading weights:  33%|███▎      | 97/290 [00:00<00:31,  6.13it/s, Materializing param=model.layers.7.self_attn.v_proj.weight]Loading weights:  34%|███▍      | 98/290 [00:00<00:31,  6.13it/s, Materializing param=model.layers.8.input_layernorm.weight] Loading weights:  34%|███▍      | 98/290 [00:00<00:31,  6.13it/s, Materializing param=model.layers.8.input_layernorm.weight]Loading weights:  34%|███▍      | 99/290 [00:00<00:31,  6.13it/s, Materializing param=model.layers.8.mlp.down_proj.weight]  Loading weights:  34%|███▍      | 99/290 [00:00<00:31,  6.13it/s, Materializing param=model.layers.8.mlp.down_proj.weight]Loading weights:  34%|███▍      | 100/290 [00:00<00:30,  6.13it/s, Materializing param=model.layers.8.mlp.gate_proj.weight]Loading weights:  34%|███▍      | 100/290 [00:00<00:30,  6.13it/s, Materializing param=model.layers.8.mlp.gate_proj.weight]Loading weights:  35%|███▍      | 101/290 [00:00<00:30,  6.13it/s, Materializing param=model.layers.8.mlp.up_proj.weight]  Loading weights:  35%|███▍      | 101/290 [00:00<00:30,  6.13it/s, Materializing param=model.layers.8.mlp.up_proj.weight]Loading weights:  35%|███▌      | 102/290 [00:00<00:30,  6.13it/s, Materializing param=model.layers.8.post_attention_layernorm.weight]Loading weights:  35%|███▌      | 102/290 [00:00<00:30,  6.13it/s, Materializing param=model.layers.8.post_attention_layernorm.weight]Loading weights:  36%|███▌      | 103/290 [00:00<00:30,  6.13it/s, Materializing param=model.layers.8.self_attn.k_proj.bias]          Loading weights:  36%|███▌      | 103/290 [00:00<00:30,  6.13it/s, Materializing param=model.layers.8.self_attn.k_proj.bias]Loading weights:  36%|███▌      | 104/290 [00:00<00:30,  6.13it/s, Materializing param=model.layers.8.self_attn.k_proj.weight]Loading weights:  36%|███▌      | 104/290 [00:00<00:30,  6.13it/s, Materializing param=model.layers.8.self_attn.k_proj.weight]Loading weights:  36%|███▌      | 105/290 [00:00<00:30,  6.13it/s, Materializing param=model.layers.8.self_attn.o_proj.weight]Loading weights:  36%|███▌      | 105/290 [00:00<00:30,  6.13it/s, Materializing param=model.layers.8.self_attn.o_proj.weight]Loading weights:  37%|███▋      | 106/290 [00:00<00:29,  6.13it/s, Materializing param=model.layers.8.self_attn.q_proj.bias]  Loading weights:  37%|███▋      | 106/290 [00:00<00:29,  6.13it/s, Materializing param=model.layers.8.self_attn.q_proj.bias]Loading weights:  37%|███▋      | 107/290 [00:00<00:29,  6.13it/s, Materializing param=model.layers.8.self_attn.q_proj.weight]Loading weights:  37%|███▋      | 107/290 [00:00<00:29,  6.13it/s, Materializing param=model.layers.8.self_attn.q_proj.weight]Loading weights:  37%|███▋      | 108/290 [00:00<00:29,  6.13it/s, Materializing param=model.layers.8.self_attn.v_proj.bias]  Loading weights:  37%|███▋      | 108/290 [00:00<00:29,  6.13it/s, Materializing param=model.layers.8.self_attn.v_proj.bias]Loading weights:  38%|███▊      | 109/290 [00:00<00:29,  6.13it/s, Materializing param=model.layers.8.self_attn.v_proj.weight]Loading weights:  38%|███▊      | 109/290 [00:00<00:29,  6.13it/s, Materializing param=model.layers.8.self_attn.v_proj.weight]Loading weights:  38%|███▊      | 110/290 [00:00<00:29,  6.13it/s, Materializing param=model.layers.9.input_layernorm.weight] Loading weights:  38%|███▊      | 110/290 [00:00<00:29,  6.13it/s, Materializing param=model.layers.9.input_layernorm.weight]Loading weights:  38%|███▊      | 111/290 [00:00<00:29,  6.13it/s, Materializing param=model.layers.9.mlp.down_proj.weight]  Loading weights:  38%|███▊      | 111/290 [00:00<00:29,  6.13it/s, Materializing param=model.layers.9.mlp.down_proj.weight]Loading weights:  39%|███▊      | 112/290 [00:00<00:29,  6.13it/s, Materializing param=model.layers.9.mlp.gate_proj.weight]Loading weights:  39%|███▊      | 112/290 [00:00<00:29,  6.13it/s, Materializing param=model.layers.9.mlp.gate_proj.weight]Loading weights:  39%|███▉      | 113/290 [00:00<00:28,  6.13it/s, Materializing param=model.layers.9.mlp.up_proj.weight]  Loading weights:  39%|███▉      | 113/290 [00:00<00:28,  6.13it/s, Materializing param=model.layers.9.mlp.up_proj.weight]Loading weights:  39%|███▉      | 114/290 [00:00<00:28,  6.13it/s, Materializing param=model.layers.9.post_attention_layernorm.weight]Loading weights:  39%|███▉      | 114/290 [00:00<00:28,  6.13it/s, Materializing param=model.layers.9.post_attention_layernorm.weight]Loading weights:  40%|███▉      | 115/290 [00:00<00:28,  6.13it/s, Materializing param=model.layers.9.self_attn.k_proj.bias]          Loading weights:  40%|███▉      | 115/290 [00:00<00:28,  6.13it/s, Materializing param=model.layers.9.self_attn.k_proj.bias]Loading weights:  40%|████      | 116/290 [00:00<00:28,  6.13it/s, Materializing param=model.layers.9.self_attn.k_proj.weight]Loading weights:  40%|████      | 116/290 [00:00<00:28,  6.13it/s, Materializing param=model.layers.9.self_attn.k_proj.weight]Loading weights:  40%|████      | 117/290 [00:00<00:28,  6.13it/s, Materializing param=model.layers.9.self_attn.o_proj.weight]Loading weights:  40%|████      | 117/290 [00:00<00:28,  6.13it/s, Materializing param=model.layers.9.self_attn.o_proj.weight]Loading weights:  41%|████      | 118/290 [00:00<00:28,  6.13it/s, Materializing param=model.layers.9.self_attn.q_proj.bias]  Loading weights:  41%|████      | 118/290 [00:00<00:28,  6.13it/s, Materializing param=model.layers.9.self_attn.q_proj.bias]Loading weights:  41%|████      | 119/290 [00:00<00:27,  6.13it/s, Materializing param=model.layers.9.self_attn.q_proj.weight]Loading weights:  41%|████      | 119/290 [00:00<00:27,  6.13it/s, Materializing param=model.layers.9.self_attn.q_proj.weight]Loading weights:  41%|████▏     | 120/290 [00:00<00:27,  6.13it/s, Materializing param=model.layers.9.self_attn.v_proj.bias]  Loading weights:  41%|████▏     | 120/290 [00:00<00:27,  6.13it/s, Materializing param=model.layers.9.self_attn.v_proj.bias]Loading weights:  42%|████▏     | 121/290 [00:00<00:27,  6.13it/s, Materializing param=model.layers.9.self_attn.v_proj.weight]Loading weights:  42%|████▏     | 121/290 [00:00<00:27,  6.13it/s, Materializing param=model.layers.9.self_attn.v_proj.weight]Loading weights:  42%|████▏     | 122/290 [00:00<00:27,  6.13it/s, Materializing param=model.layers.10.input_layernorm.weight]Loading weights:  42%|████▏     | 122/290 [00:00<00:27,  6.13it/s, Materializing param=model.layers.10.input_layernorm.weight]Loading weights:  42%|████▏     | 123/290 [00:00<00:27,  6.13it/s, Materializing param=model.layers.10.mlp.down_proj.weight]  Loading weights:  42%|████▏     | 123/290 [00:00<00:27,  6.13it/s, Materializing param=model.layers.10.mlp.down_proj.weight]Loading weights:  43%|████▎     | 124/290 [00:00<00:27,  6.13it/s, Materializing param=model.layers.10.mlp.gate_proj.weight]Loading weights:  43%|████▎     | 124/290 [00:00<00:27,  6.13it/s, Materializing param=model.layers.10.mlp.gate_proj.weight]Loading weights:  43%|████▎     | 125/290 [00:00<00:26,  6.13it/s, Materializing param=model.layers.10.mlp.up_proj.weight]  Loading weights:  43%|████▎     | 125/290 [00:00<00:26,  6.13it/s, Materializing param=model.layers.10.mlp.up_proj.weight]Loading weights:  43%|████▎     | 126/290 [00:00<00:26,  6.13it/s, Materializing param=model.layers.10.post_attention_layernorm.weight]Loading weights:  43%|████▎     | 126/290 [00:00<00:26,  6.13it/s, Materializing param=model.layers.10.post_attention_layernorm.weight]Loading weights:  44%|████▍     | 127/290 [00:00<00:26,  6.13it/s, Materializing param=model.layers.10.self_attn.k_proj.bias]          Loading weights:  44%|████▍     | 127/290 [00:00<00:26,  6.13it/s, Materializing param=model.layers.10.self_attn.k_proj.bias]Loading weights:  44%|████▍     | 128/290 [00:00<00:26,  6.13it/s, Materializing param=model.layers.10.self_attn.k_proj.weight]Loading weights:  44%|████▍     | 128/290 [00:00<00:26,  6.13it/s, Materializing param=model.layers.10.self_attn.k_proj.weight]Loading weights:  44%|████▍     | 129/290 [00:00<00:26,  6.13it/s, Materializing param=model.layers.10.self_attn.o_proj.weight]Loading weights:  44%|████▍     | 129/290 [00:00<00:26,  6.13it/s, Materializing param=model.layers.10.self_attn.o_proj.weight]Loading weights:  45%|████▍     | 130/290 [00:00<00:26,  6.13it/s, Materializing param=model.layers.10.self_attn.q_proj.bias]  Loading weights:  45%|████▍     | 130/290 [00:00<00:26,  6.13it/s, Materializing param=model.layers.10.self_attn.q_proj.bias]Loading weights:  45%|████▌     | 131/290 [00:00<00:25,  6.13it/s, Materializing param=model.layers.10.self_attn.q_proj.weight]Loading weights:  45%|████▌     | 131/290 [00:00<00:25,  6.13it/s, Materializing param=model.layers.10.self_attn.q_proj.weight]Loading weights:  46%|████▌     | 132/290 [00:00<00:25,  6.13it/s, Materializing param=model.layers.10.self_attn.v_proj.bias]  Loading weights:  46%|████▌     | 132/290 [00:00<00:25,  6.13it/s, Materializing param=model.layers.10.self_attn.v_proj.bias]Loading weights:  46%|████▌     | 133/290 [00:00<00:25,  6.13it/s, Materializing param=model.layers.10.self_attn.v_proj.weight]Loading weights:  46%|████▌     | 133/290 [00:00<00:25,  6.13it/s, Materializing param=model.layers.10.self_attn.v_proj.weight]Loading weights:  46%|████▌     | 134/290 [00:00<00:25,  6.13it/s, Materializing param=model.layers.11.input_layernorm.weight] Loading weights:  46%|████▌     | 134/290 [00:00<00:25,  6.13it/s, Materializing param=model.layers.11.input_layernorm.weight]Loading weights:  47%|████▋     | 135/290 [00:00<00:25,  6.13it/s, Materializing param=model.layers.11.mlp.down_proj.weight]  Loading weights:  47%|████▋     | 135/290 [00:00<00:25,  6.13it/s, Materializing param=model.layers.11.mlp.down_proj.weight]Loading weights:  47%|████▋     | 136/290 [00:00<00:25,  6.13it/s, Materializing param=model.layers.11.mlp.gate_proj.weight]Loading weights:  47%|████▋     | 136/290 [00:00<00:25,  6.13it/s, Materializing param=model.layers.11.mlp.gate_proj.weight]Loading weights:  47%|████▋     | 137/290 [00:00<00:24,  6.13it/s, Materializing param=model.layers.11.mlp.up_proj.weight]  Loading weights:  47%|████▋     | 137/290 [00:00<00:24,  6.13it/s, Materializing param=model.layers.11.mlp.up_proj.weight]Loading weights:  48%|████▊     | 138/290 [00:00<00:24,  6.13it/s, Materializing param=model.layers.11.post_attention_layernorm.weight]Loading weights:  48%|████▊     | 138/290 [00:00<00:24,  6.13it/s, Materializing param=model.layers.11.post_attention_layernorm.weight]Loading weights:  48%|████▊     | 139/290 [00:00<00:24,  6.13it/s, Materializing param=model.layers.11.self_attn.k_proj.bias]          Loading weights:  48%|████▊     | 139/290 [00:00<00:24,  6.13it/s, Materializing param=model.layers.11.self_attn.k_proj.bias]Loading weights:  48%|████▊     | 140/290 [00:00<00:24,  6.13it/s, Materializing param=model.layers.11.self_attn.k_proj.weight]Loading weights:  48%|████▊     | 140/290 [00:00<00:24,  6.13it/s, Materializing param=model.layers.11.self_attn.k_proj.weight]Loading weights:  49%|████▊     | 141/290 [00:00<00:24,  6.13it/s, Materializing param=model.layers.11.self_attn.o_proj.weight]Loading weights:  49%|████▊     | 141/290 [00:00<00:24,  6.13it/s, Materializing param=model.layers.11.self_attn.o_proj.weight]Loading weights:  49%|████▉     | 142/290 [00:00<00:24,  6.13it/s, Materializing param=model.layers.11.self_attn.q_proj.bias]  Loading weights:  49%|████▉     | 142/290 [00:00<00:24,  6.13it/s, Materializing param=model.layers.11.self_attn.q_proj.bias]Loading weights:  49%|████▉     | 143/290 [00:00<00:23,  6.13it/s, Materializing param=model.layers.11.self_attn.q_proj.weight]Loading weights:  49%|████▉     | 143/290 [00:00<00:23,  6.13it/s, Materializing param=model.layers.11.self_attn.q_proj.weight]Loading weights:  50%|████▉     | 144/290 [00:00<00:23,  6.13it/s, Materializing param=model.layers.11.self_attn.v_proj.bias]  Loading weights:  50%|████▉     | 144/290 [00:00<00:23,  6.13it/s, Materializing param=model.layers.11.self_attn.v_proj.bias]Loading weights:  50%|█████     | 145/290 [00:00<00:23,  6.13it/s, Materializing param=model.layers.11.self_attn.v_proj.weight]Loading weights:  50%|█████     | 145/290 [00:00<00:23,  6.13it/s, Materializing param=model.layers.11.self_attn.v_proj.weight]Loading weights:  50%|█████     | 146/290 [00:00<00:23,  6.13it/s, Materializing param=model.layers.12.input_layernorm.weight] Loading weights:  50%|█████     | 146/290 [00:00<00:23,  6.13it/s, Materializing param=model.layers.12.input_layernorm.weight]Loading weights:  51%|█████     | 147/290 [00:00<00:23,  6.13it/s, Materializing param=model.layers.12.mlp.down_proj.weight]  Loading weights:  51%|█████     | 147/290 [00:00<00:23,  6.13it/s, Materializing param=model.layers.12.mlp.down_proj.weight]Loading weights:  51%|█████     | 148/290 [00:00<00:23,  6.13it/s, Materializing param=model.layers.12.mlp.gate_proj.weight]Loading weights:  51%|█████     | 148/290 [00:00<00:23,  6.13it/s, Materializing param=model.layers.12.mlp.gate_proj.weight]Loading weights:  51%|█████▏    | 149/290 [00:00<00:22,  6.13it/s, Materializing param=model.layers.12.mlp.up_proj.weight]  Loading weights:  51%|█████▏    | 149/290 [00:00<00:22,  6.13it/s, Materializing param=model.layers.12.mlp.up_proj.weight]Loading weights:  52%|█████▏    | 150/290 [00:00<00:22,  6.13it/s, Materializing param=model.layers.12.post_attention_layernorm.weight]Loading weights:  52%|█████▏    | 150/290 [00:00<00:22,  6.13it/s, Materializing param=model.layers.12.post_attention_layernorm.weight]Loading weights:  52%|█████▏    | 151/290 [00:00<00:22,  6.13it/s, Materializing param=model.layers.12.self_attn.k_proj.bias]          Loading weights:  52%|█████▏    | 151/290 [00:00<00:22,  6.13it/s, Materializing param=model.layers.12.self_attn.k_proj.bias]Loading weights:  52%|█████▏    | 152/290 [00:00<00:22,  6.13it/s, Materializing param=model.layers.12.self_attn.k_proj.weight]Loading weights:  52%|█████▏    | 152/290 [00:00<00:22,  6.13it/s, Materializing param=model.layers.12.self_attn.k_proj.weight]Loading weights:  53%|█████▎    | 153/290 [00:00<00:22,  6.13it/s, Materializing param=model.layers.12.self_attn.o_proj.weight]Loading weights:  53%|█████▎    | 153/290 [00:00<00:22,  6.13it/s, Materializing param=model.layers.12.self_attn.o_proj.weight]Loading weights:  53%|█████▎    | 154/290 [00:00<00:22,  6.13it/s, Materializing param=model.layers.12.self_attn.q_proj.bias]  Loading weights:  53%|█████▎    | 154/290 [00:00<00:22,  6.13it/s, Materializing param=model.layers.12.self_attn.q_proj.bias]Loading weights:  53%|█████▎    | 155/290 [00:00<00:22,  6.13it/s, Materializing param=model.layers.12.self_attn.q_proj.weight]Loading weights:  53%|█████▎    | 155/290 [00:00<00:22,  6.13it/s, Materializing param=model.layers.12.self_attn.q_proj.weight]Loading weights:  54%|█████▍    | 156/290 [00:00<00:21,  6.13it/s, Materializing param=model.layers.12.self_attn.v_proj.bias]  Loading weights:  54%|█████▍    | 156/290 [00:00<00:21,  6.13it/s, Materializing param=model.layers.12.self_attn.v_proj.bias]Loading weights:  54%|█████▍    | 157/290 [00:00<00:21,  6.13it/s, Materializing param=model.layers.12.self_attn.v_proj.weight]Loading weights:  54%|█████▍    | 157/290 [00:00<00:21,  6.13it/s, Materializing param=model.layers.12.self_attn.v_proj.weight]Loading weights:  54%|█████▍    | 158/290 [00:00<00:21,  6.13it/s, Materializing param=model.layers.13.input_layernorm.weight] Loading weights:  54%|█████▍    | 158/290 [00:00<00:21,  6.13it/s, Materializing param=model.layers.13.input_layernorm.weight]Loading weights:  55%|█████▍    | 159/290 [00:00<00:21,  6.13it/s, Materializing param=model.layers.13.mlp.down_proj.weight]  Loading weights:  55%|█████▍    | 159/290 [00:00<00:21,  6.13it/s, Materializing param=model.layers.13.mlp.down_proj.weight]Loading weights:  55%|█████▌    | 160/290 [00:00<00:21,  6.13it/s, Materializing param=model.layers.13.mlp.gate_proj.weight]Loading weights:  55%|█████▌    | 160/290 [00:00<00:21,  6.13it/s, Materializing param=model.layers.13.mlp.gate_proj.weight]Loading weights:  56%|█████▌    | 161/290 [00:00<00:21,  6.13it/s, Materializing param=model.layers.13.mlp.up_proj.weight]  Loading weights:  56%|█████▌    | 161/290 [00:00<00:21,  6.13it/s, Materializing param=model.layers.13.mlp.up_proj.weight]Loading weights:  56%|█████▌    | 162/290 [00:00<00:20,  6.13it/s, Materializing param=model.layers.13.post_attention_layernorm.weight]Loading weights:  56%|█████▌    | 162/290 [00:00<00:20,  6.13it/s, Materializing param=model.layers.13.post_attention_layernorm.weight]Loading weights:  56%|█████▌    | 163/290 [00:00<00:20,  6.13it/s, Materializing param=model.layers.13.self_attn.k_proj.bias]          Loading weights:  56%|█████▌    | 163/290 [00:00<00:20,  6.13it/s, Materializing param=model.layers.13.self_attn.k_proj.bias]Loading weights:  57%|█████▋    | 164/290 [00:00<00:20,  6.13it/s, Materializing param=model.layers.13.self_attn.k_proj.weight]Loading weights:  57%|█████▋    | 164/290 [00:00<00:20,  6.13it/s, Materializing param=model.layers.13.self_attn.k_proj.weight]Loading weights:  57%|█████▋    | 165/290 [00:00<00:20,  6.13it/s, Materializing param=model.layers.13.self_attn.o_proj.weight]Loading weights:  57%|█████▋    | 165/290 [00:00<00:20,  6.13it/s, Materializing param=model.layers.13.self_attn.o_proj.weight]Loading weights:  57%|█████▋    | 166/290 [00:00<00:20,  6.13it/s, Materializing param=model.layers.13.self_attn.q_proj.bias]  Loading weights:  57%|█████▋    | 166/290 [00:00<00:20,  6.13it/s, Materializing param=model.layers.13.self_attn.q_proj.bias]Loading weights:  58%|█████▊    | 167/290 [00:00<00:20,  6.13it/s, Materializing param=model.layers.13.self_attn.q_proj.weight]Loading weights:  58%|█████▊    | 167/290 [00:00<00:20,  6.13it/s, Materializing param=model.layers.13.self_attn.q_proj.weight]Loading weights:  58%|█████▊    | 168/290 [00:00<00:19,  6.13it/s, Materializing param=model.layers.13.self_attn.v_proj.bias]  Loading weights:  58%|█████▊    | 168/290 [00:00<00:19,  6.13it/s, Materializing param=model.layers.13.self_attn.v_proj.bias]Loading weights:  58%|█████▊    | 169/290 [00:00<00:19,  6.13it/s, Materializing param=model.layers.13.self_attn.v_proj.weight]Loading weights:  58%|█████▊    | 169/290 [00:00<00:19,  6.13it/s, Materializing param=model.layers.13.self_attn.v_proj.weight]Loading weights:  59%|█████▊    | 170/290 [00:00<00:19,  6.13it/s, Materializing param=model.layers.14.input_layernorm.weight] Loading weights:  59%|█████▊    | 170/290 [00:00<00:19,  6.13it/s, Materializing param=model.layers.14.input_layernorm.weight]Loading weights:  59%|█████▉    | 171/290 [00:00<00:19,  6.13it/s, Materializing param=model.layers.14.mlp.down_proj.weight]  Loading weights:  59%|█████▉    | 171/290 [00:00<00:19,  6.13it/s, Materializing param=model.layers.14.mlp.down_proj.weight]Loading weights:  59%|█████▉    | 172/290 [00:00<00:19,  6.13it/s, Materializing param=model.layers.14.mlp.gate_proj.weight]Loading weights:  59%|█████▉    | 172/290 [00:00<00:19,  6.13it/s, Materializing param=model.layers.14.mlp.gate_proj.weight]Loading weights:  60%|█████▉    | 173/290 [00:00<00:19,  6.13it/s, Materializing param=model.layers.14.mlp.up_proj.weight]  Loading weights:  60%|█████▉    | 173/290 [00:00<00:19,  6.13it/s, Materializing param=model.layers.14.mlp.up_proj.weight]Loading weights:  60%|██████    | 174/290 [00:00<00:18,  6.13it/s, Materializing param=model.layers.14.post_attention_layernorm.weight]Loading weights:  60%|██████    | 174/290 [00:00<00:18,  6.13it/s, Materializing param=model.layers.14.post_attention_layernorm.weight]Loading weights:  60%|██████    | 175/290 [00:00<00:18,  6.13it/s, Materializing param=model.layers.14.self_attn.k_proj.bias]          Loading weights:  60%|██████    | 175/290 [00:00<00:18,  6.13it/s, Materializing param=model.layers.14.self_attn.k_proj.bias]Loading weights:  61%|██████    | 176/290 [00:00<00:18,  6.13it/s, Materializing param=model.layers.14.self_attn.k_proj.weight]Loading weights:  61%|██████    | 176/290 [00:00<00:18,  6.13it/s, Materializing param=model.layers.14.self_attn.k_proj.weight]Loading weights:  61%|██████    | 177/290 [00:00<00:18,  6.13it/s, Materializing param=model.layers.14.self_attn.o_proj.weight]Loading weights:  61%|██████    | 177/290 [00:00<00:18,  6.13it/s, Materializing param=model.layers.14.self_attn.o_proj.weight]Loading weights:  61%|██████▏   | 178/290 [00:00<00:18,  6.13it/s, Materializing param=model.layers.14.self_attn.q_proj.bias]  Loading weights:  61%|██████▏   | 178/290 [00:00<00:18,  6.13it/s, Materializing param=model.layers.14.self_attn.q_proj.bias]Loading weights:  62%|██████▏   | 179/290 [00:00<00:18,  6.13it/s, Materializing param=model.layers.14.self_attn.q_proj.weight]Loading weights:  62%|██████▏   | 179/290 [00:00<00:18,  6.13it/s, Materializing param=model.layers.14.self_attn.q_proj.weight]Loading weights:  62%|██████▏   | 180/290 [00:00<00:17,  6.13it/s, Materializing param=model.layers.14.self_attn.v_proj.bias]  Loading weights:  62%|██████▏   | 180/290 [00:00<00:17,  6.13it/s, Materializing param=model.layers.14.self_attn.v_proj.bias]Loading weights:  62%|██████▏   | 181/290 [00:00<00:17,  6.13it/s, Materializing param=model.layers.14.self_attn.v_proj.weight]Loading weights:  62%|██████▏   | 181/290 [00:00<00:17,  6.13it/s, Materializing param=model.layers.14.self_attn.v_proj.weight]Loading weights:  63%|██████▎   | 182/290 [00:00<00:17,  6.13it/s, Materializing param=model.layers.15.input_layernorm.weight] Loading weights:  63%|██████▎   | 182/290 [00:00<00:17,  6.13it/s, Materializing param=model.layers.15.input_layernorm.weight]Loading weights:  63%|██████▎   | 183/290 [00:00<00:00, 555.28it/s, Materializing param=model.layers.15.input_layernorm.weight]Loading weights:  63%|██████▎   | 183/290 [00:00<00:00, 555.28it/s, Materializing param=model.layers.15.mlp.down_proj.weight]  Loading weights:  63%|██████▎   | 183/290 [00:00<00:00, 555.28it/s, Materializing param=model.layers.15.mlp.down_proj.weight]Loading weights:  63%|██████▎   | 184/290 [00:00<00:00, 555.28it/s, Materializing param=model.layers.15.mlp.gate_proj.weight]Loading weights:  63%|██████▎   | 184/290 [00:00<00:00, 555.28it/s, Materializing param=model.layers.15.mlp.gate_proj.weight]Loading weights:  64%|██████▍   | 185/290 [00:00<00:00, 555.28it/s, Materializing param=model.layers.15.mlp.up_proj.weight]  Loading weights:  64%|██████▍   | 185/290 [00:00<00:00, 555.28it/s, Materializing param=model.layers.15.mlp.up_proj.weight]Loading weights:  64%|██████▍   | 186/290 [00:00<00:00, 555.28it/s, Materializing param=model.layers.15.post_attention_layernorm.weight]Loading weights:  64%|██████▍   | 186/290 [00:00<00:00, 555.28it/s, Materializing param=model.layers.15.post_attention_layernorm.weight]Loading weights:  64%|██████▍   | 187/290 [00:00<00:00, 555.28it/s, Materializing param=model.layers.15.self_attn.k_proj.bias]          Loading weights:  64%|██████▍   | 187/290 [00:00<00:00, 555.28it/s, Materializing param=model.layers.15.self_attn.k_proj.bias]Loading weights:  65%|██████▍   | 188/290 [00:00<00:00, 555.28it/s, Materializing param=model.layers.15.self_attn.k_proj.weight]Loading weights:  65%|██████▍   | 188/290 [00:00<00:00, 555.28it/s, Materializing param=model.layers.15.self_attn.k_proj.weight]Loading weights:  65%|██████▌   | 189/290 [00:00<00:00, 555.28it/s, Materializing param=model.layers.15.self_attn.o_proj.weight]Loading weights:  65%|██████▌   | 189/290 [00:00<00:00, 555.28it/s, Materializing param=model.layers.15.self_attn.o_proj.weight]Loading weights:  66%|██████▌   | 190/290 [00:00<00:00, 555.28it/s, Materializing param=model.layers.15.self_attn.q_proj.bias]  Loading weights:  66%|██████▌   | 190/290 [00:00<00:00, 555.28it/s, Materializing param=model.layers.15.self_attn.q_proj.bias]Loading weights:  66%|██████▌   | 191/290 [00:00<00:00, 555.28it/s, Materializing param=model.layers.15.self_attn.q_proj.weight]Loading weights:  66%|██████▌   | 191/290 [00:00<00:00, 555.28it/s, Materializing param=model.layers.15.self_attn.q_proj.weight]Loading weights:  66%|██████▌   | 192/290 [00:00<00:00, 555.28it/s, Materializing param=model.layers.15.self_attn.v_proj.bias]  Loading weights:  66%|██████▌   | 192/290 [00:00<00:00, 555.28it/s, Materializing param=model.layers.15.self_attn.v_proj.bias]Loading weights:  67%|██████▋   | 193/290 [00:00<00:00, 555.28it/s, Materializing param=model.layers.15.self_attn.v_proj.weight]Loading weights:  67%|██████▋   | 193/290 [00:00<00:00, 555.28it/s, Materializing param=model.layers.15.self_attn.v_proj.weight]Loading weights:  67%|██████▋   | 194/290 [00:00<00:00, 555.28it/s, Materializing param=model.layers.16.input_layernorm.weight] Loading weights:  67%|██████▋   | 194/290 [00:00<00:00, 555.28it/s, Materializing param=model.layers.16.input_layernorm.weight]Loading weights:  67%|██████▋   | 195/290 [00:00<00:00, 555.28it/s, Materializing param=model.layers.16.mlp.down_proj.weight]  Loading weights:  67%|██████▋   | 195/290 [00:00<00:00, 555.28it/s, Materializing param=model.layers.16.mlp.down_proj.weight]Loading weights:  68%|██████▊   | 196/290 [00:00<00:00, 555.28it/s, Materializing param=model.layers.16.mlp.gate_proj.weight]Loading weights:  68%|██████▊   | 196/290 [00:00<00:00, 555.28it/s, Materializing param=model.layers.16.mlp.gate_proj.weight]Loading weights:  68%|██████▊   | 197/290 [00:00<00:00, 555.28it/s, Materializing param=model.layers.16.mlp.up_proj.weight]  Loading weights:  68%|██████▊   | 197/290 [00:00<00:00, 555.28it/s, Materializing param=model.layers.16.mlp.up_proj.weight]Loading weights:  68%|██████▊   | 198/290 [00:00<00:00, 555.28it/s, Materializing param=model.layers.16.post_attention_layernorm.weight]Loading weights:  68%|██████▊   | 198/290 [00:00<00:00, 555.28it/s, Materializing param=model.layers.16.post_attention_layernorm.weight]Loading weights:  69%|██████▊   | 199/290 [00:00<00:00, 555.28it/s, Materializing param=model.layers.16.self_attn.k_proj.bias]          Loading weights:  69%|██████▊   | 199/290 [00:00<00:00, 555.28it/s, Materializing param=model.layers.16.self_attn.k_proj.bias]Loading weights:  69%|██████▉   | 200/290 [00:00<00:00, 555.28it/s, Materializing param=model.layers.16.self_attn.k_proj.weight]Loading weights:  69%|██████▉   | 200/290 [00:00<00:00, 555.28it/s, Materializing param=model.layers.16.self_attn.k_proj.weight]Loading weights:  69%|██████▉   | 201/290 [00:00<00:00, 555.28it/s, Materializing param=model.layers.16.self_attn.o_proj.weight]Loading weights:  69%|██████▉   | 201/290 [00:00<00:00, 555.28it/s, Materializing param=model.layers.16.self_attn.o_proj.weight]Loading weights:  70%|██████▉   | 202/290 [00:00<00:00, 555.28it/s, Materializing param=model.layers.16.self_attn.q_proj.bias]  Loading weights:  70%|██████▉   | 202/290 [00:00<00:00, 555.28it/s, Materializing param=model.layers.16.self_attn.q_proj.bias]Loading weights:  70%|███████   | 203/290 [00:00<00:00, 555.28it/s, Materializing param=model.layers.16.self_attn.q_proj.weight]Loading weights:  70%|███████   | 203/290 [00:00<00:00, 555.28it/s, Materializing param=model.layers.16.self_attn.q_proj.weight]Loading weights:  70%|███████   | 204/290 [00:00<00:00, 555.28it/s, Materializing param=model.layers.16.self_attn.v_proj.bias]  Loading weights:  70%|███████   | 204/290 [00:00<00:00, 555.28it/s, Materializing param=model.layers.16.self_attn.v_proj.bias]Loading weights:  71%|███████   | 205/290 [00:00<00:00, 555.28it/s, Materializing param=model.layers.16.self_attn.v_proj.weight]Loading weights:  71%|███████   | 205/290 [00:00<00:00, 555.28it/s, Materializing param=model.layers.16.self_attn.v_proj.weight]Loading weights:  71%|███████   | 206/290 [00:00<00:00, 555.28it/s, Materializing param=model.layers.17.input_layernorm.weight] Loading weights:  71%|███████   | 206/290 [00:00<00:00, 555.28it/s, Materializing param=model.layers.17.input_layernorm.weight]Loading weights:  71%|███████▏  | 207/290 [00:00<00:00, 555.28it/s, Materializing param=model.layers.17.mlp.down_proj.weight]  Loading weights:  71%|███████▏  | 207/290 [00:00<00:00, 555.28it/s, Materializing param=model.layers.17.mlp.down_proj.weight]Loading weights:  72%|███████▏  | 208/290 [00:00<00:00, 555.28it/s, Materializing param=model.layers.17.mlp.gate_proj.weight]Loading weights:  72%|███████▏  | 208/290 [00:00<00:00, 555.28it/s, Materializing param=model.layers.17.mlp.gate_proj.weight]Loading weights:  72%|███████▏  | 209/290 [00:00<00:00, 555.28it/s, Materializing param=model.layers.17.mlp.up_proj.weight]  Loading weights:  72%|███████▏  | 209/290 [00:00<00:00, 555.28it/s, Materializing param=model.layers.17.mlp.up_proj.weight]Loading weights:  72%|███████▏  | 210/290 [00:00<00:00, 555.28it/s, Materializing param=model.layers.17.post_attention_layernorm.weight]Loading weights:  72%|███████▏  | 210/290 [00:00<00:00, 555.28it/s, Materializing param=model.layers.17.post_attention_layernorm.weight]Loading weights:  73%|███████▎  | 211/290 [00:00<00:00, 555.28it/s, Materializing param=model.layers.17.self_attn.k_proj.bias]          Loading weights:  73%|███████▎  | 211/290 [00:00<00:00, 555.28it/s, Materializing param=model.layers.17.self_attn.k_proj.bias]Loading weights:  73%|███████▎  | 212/290 [00:00<00:00, 555.28it/s, Materializing param=model.layers.17.self_attn.k_proj.weight]Loading weights:  73%|███████▎  | 212/290 [00:00<00:00, 555.28it/s, Materializing param=model.layers.17.self_attn.k_proj.weight]Loading weights:  73%|███████▎  | 213/290 [00:00<00:00, 555.28it/s, Materializing param=model.layers.17.self_attn.o_proj.weight]Loading weights:  73%|███████▎  | 213/290 [00:00<00:00, 555.28it/s, Materializing param=model.layers.17.self_attn.o_proj.weight]Loading weights:  74%|███████▍  | 214/290 [00:00<00:00, 555.28it/s, Materializing param=model.layers.17.self_attn.q_proj.bias]  Loading weights:  74%|███████▍  | 214/290 [00:00<00:00, 555.28it/s, Materializing param=model.layers.17.self_attn.q_proj.bias]Loading weights:  74%|███████▍  | 215/290 [00:00<00:00, 555.28it/s, Materializing param=model.layers.17.self_attn.q_proj.weight]Loading weights:  74%|███████▍  | 215/290 [00:00<00:00, 555.28it/s, Materializing param=model.layers.17.self_attn.q_proj.weight]Loading weights:  74%|███████▍  | 216/290 [00:00<00:00, 555.28it/s, Materializing param=model.layers.17.self_attn.v_proj.bias]  Loading weights:  74%|███████▍  | 216/290 [00:00<00:00, 555.28it/s, Materializing param=model.layers.17.self_attn.v_proj.bias]Loading weights:  75%|███████▍  | 217/290 [00:00<00:00, 555.28it/s, Materializing param=model.layers.17.self_attn.v_proj.weight]Loading weights:  75%|███████▍  | 217/290 [00:00<00:00, 555.28it/s, Materializing param=model.layers.17.self_attn.v_proj.weight]Loading weights:  75%|███████▌  | 218/290 [00:00<00:00, 555.28it/s, Materializing param=model.layers.18.input_layernorm.weight] Loading weights:  75%|███████▌  | 218/290 [00:00<00:00, 555.28it/s, Materializing param=model.layers.18.input_layernorm.weight]Loading weights:  76%|███████▌  | 219/290 [00:00<00:00, 555.28it/s, Materializing param=model.layers.18.mlp.down_proj.weight]  Loading weights:  76%|███████▌  | 219/290 [00:00<00:00, 555.28it/s, Materializing param=model.layers.18.mlp.down_proj.weight]Loading weights:  76%|███████▌  | 220/290 [00:00<00:00, 555.28it/s, Materializing param=model.layers.18.mlp.gate_proj.weight]Loading weights:  76%|███████▌  | 220/290 [00:00<00:00, 555.28it/s, Materializing param=model.layers.18.mlp.gate_proj.weight]Loading weights:  76%|███████▌  | 221/290 [00:00<00:00, 555.28it/s, Materializing param=model.layers.18.mlp.up_proj.weight]  Loading weights:  76%|███████▌  | 221/290 [00:00<00:00, 555.28it/s, Materializing param=model.layers.18.mlp.up_proj.weight]Loading weights:  77%|███████▋  | 222/290 [00:00<00:00, 555.28it/s, Materializing param=model.layers.18.post_attention_layernorm.weight]Loading weights:  77%|███████▋  | 222/290 [00:00<00:00, 555.28it/s, Materializing param=model.layers.18.post_attention_layernorm.weight]Loading weights:  77%|███████▋  | 223/290 [00:00<00:00, 555.28it/s, Materializing param=model.layers.18.self_attn.k_proj.bias]          Loading weights:  77%|███████▋  | 223/290 [00:00<00:00, 555.28it/s, Materializing param=model.layers.18.self_attn.k_proj.bias]Loading weights:  77%|███████▋  | 224/290 [00:00<00:00, 555.28it/s, Materializing param=model.layers.18.self_attn.k_proj.weight]Loading weights:  77%|███████▋  | 224/290 [00:00<00:00, 555.28it/s, Materializing param=model.layers.18.self_attn.k_proj.weight]Loading weights:  78%|███████▊  | 225/290 [00:00<00:00, 555.28it/s, Materializing param=model.layers.18.self_attn.o_proj.weight]Loading weights:  78%|███████▊  | 225/290 [00:00<00:00, 555.28it/s, Materializing param=model.layers.18.self_attn.o_proj.weight]Loading weights:  78%|███████▊  | 226/290 [00:00<00:00, 555.28it/s, Materializing param=model.layers.18.self_attn.q_proj.bias]  Loading weights:  78%|███████▊  | 226/290 [00:00<00:00, 555.28it/s, Materializing param=model.layers.18.self_attn.q_proj.bias]Loading weights:  78%|███████▊  | 227/290 [00:00<00:00, 555.28it/s, Materializing param=model.layers.18.self_attn.q_proj.weight]Loading weights:  78%|███████▊  | 227/290 [00:00<00:00, 555.28it/s, Materializing param=model.layers.18.self_attn.q_proj.weight]Loading weights:  79%|███████▊  | 228/290 [00:00<00:00, 555.28it/s, Materializing param=model.layers.18.self_attn.v_proj.bias]  Loading weights:  79%|███████▊  | 228/290 [00:00<00:00, 555.28it/s, Materializing param=model.layers.18.self_attn.v_proj.bias]Loading weights:  79%|███████▉  | 229/290 [00:00<00:00, 555.28it/s, Materializing param=model.layers.18.self_attn.v_proj.weight]Loading weights:  79%|███████▉  | 229/290 [00:00<00:00, 555.28it/s, Materializing param=model.layers.18.self_attn.v_proj.weight]Loading weights:  79%|███████▉  | 230/290 [00:00<00:00, 555.28it/s, Materializing param=model.layers.19.input_layernorm.weight] Loading weights:  79%|███████▉  | 230/290 [00:00<00:00, 555.28it/s, Materializing param=model.layers.19.input_layernorm.weight]Loading weights:  80%|███████▉  | 231/290 [00:00<00:00, 555.28it/s, Materializing param=model.layers.19.mlp.down_proj.weight]  Loading weights:  80%|███████▉  | 231/290 [00:00<00:00, 555.28it/s, Materializing param=model.layers.19.mlp.down_proj.weight]Loading weights:  80%|████████  | 232/290 [00:00<00:00, 555.28it/s, Materializing param=model.layers.19.mlp.gate_proj.weight]Loading weights:  80%|████████  | 232/290 [00:00<00:00, 555.28it/s, Materializing param=model.layers.19.mlp.gate_proj.weight]Loading weights:  80%|████████  | 233/290 [00:00<00:00, 555.28it/s, Materializing param=model.layers.19.mlp.up_proj.weight]  Loading weights:  80%|████████  | 233/290 [00:00<00:00, 555.28it/s, Materializing param=model.layers.19.mlp.up_proj.weight]Loading weights:  81%|████████  | 234/290 [00:00<00:00, 555.28it/s, Materializing param=model.layers.19.post_attention_layernorm.weight]Loading weights:  81%|████████  | 234/290 [00:00<00:00, 555.28it/s, Materializing param=model.layers.19.post_attention_layernorm.weight]Loading weights:  81%|████████  | 235/290 [00:00<00:00, 555.28it/s, Materializing param=model.layers.19.self_attn.k_proj.bias]          Loading weights:  81%|████████  | 235/290 [00:00<00:00, 555.28it/s, Materializing param=model.layers.19.self_attn.k_proj.bias]Loading weights:  81%|████████▏ | 236/290 [00:00<00:00, 555.28it/s, Materializing param=model.layers.19.self_attn.k_proj.weight]Loading weights:  81%|████████▏ | 236/290 [00:00<00:00, 555.28it/s, Materializing param=model.layers.19.self_attn.k_proj.weight]Loading weights:  82%|████████▏ | 237/290 [00:00<00:00, 555.28it/s, Materializing param=model.layers.19.self_attn.o_proj.weight]Loading weights:  82%|████████▏ | 237/290 [00:00<00:00, 555.28it/s, Materializing param=model.layers.19.self_attn.o_proj.weight]Loading weights:  82%|████████▏ | 238/290 [00:00<00:00, 555.28it/s, Materializing param=model.layers.19.self_attn.q_proj.bias]  Loading weights:  82%|████████▏ | 238/290 [00:00<00:00, 555.28it/s, Materializing param=model.layers.19.self_attn.q_proj.bias]Loading weights:  82%|████████▏ | 239/290 [00:00<00:00, 555.28it/s, Materializing param=model.layers.19.self_attn.q_proj.weight]Loading weights:  82%|████████▏ | 239/290 [00:00<00:00, 555.28it/s, Materializing param=model.layers.19.self_attn.q_proj.weight]Loading weights:  83%|████████▎ | 240/290 [00:00<00:00, 555.28it/s, Materializing param=model.layers.19.self_attn.v_proj.bias]  Loading weights:  83%|████████▎ | 240/290 [00:00<00:00, 555.28it/s, Materializing param=model.layers.19.self_attn.v_proj.bias]Loading weights:  83%|████████▎ | 241/290 [00:00<00:00, 555.28it/s, Materializing param=model.layers.19.self_attn.v_proj.weight]Loading weights:  83%|████████▎ | 241/290 [00:00<00:00, 555.28it/s, Materializing param=model.layers.19.self_attn.v_proj.weight]Loading weights:  83%|████████▎ | 242/290 [00:00<00:00, 555.28it/s, Materializing param=model.layers.20.input_layernorm.weight] Loading weights:  83%|████████▎ | 242/290 [00:00<00:00, 555.28it/s, Materializing param=model.layers.20.input_layernorm.weight]Loading weights:  84%|████████▍ | 243/290 [00:00<00:00, 555.28it/s, Materializing param=model.layers.20.mlp.down_proj.weight]  Loading weights:  84%|████████▍ | 243/290 [00:00<00:00, 555.28it/s, Materializing param=model.layers.20.mlp.down_proj.weight]Loading weights:  84%|████████▍ | 244/290 [00:00<00:00, 555.28it/s, Materializing param=model.layers.20.mlp.gate_proj.weight]Loading weights:  84%|████████▍ | 244/290 [00:00<00:00, 555.28it/s, Materializing param=model.layers.20.mlp.gate_proj.weight]Loading weights:  84%|████████▍ | 245/290 [00:00<00:00, 555.28it/s, Materializing param=model.layers.20.mlp.up_proj.weight]  Loading weights:  84%|████████▍ | 245/290 [00:00<00:00, 555.28it/s, Materializing param=model.layers.20.mlp.up_proj.weight]Loading weights:  85%|████████▍ | 246/290 [00:00<00:00, 555.28it/s, Materializing param=model.layers.20.post_attention_layernorm.weight]Loading weights:  85%|████████▍ | 246/290 [00:00<00:00, 555.28it/s, Materializing param=model.layers.20.post_attention_layernorm.weight]Loading weights:  85%|████████▌ | 247/290 [00:00<00:00, 555.28it/s, Materializing param=model.layers.20.self_attn.k_proj.bias]          Loading weights:  85%|████████▌ | 247/290 [00:00<00:00, 555.28it/s, Materializing param=model.layers.20.self_attn.k_proj.bias]Loading weights:  86%|████████▌ | 248/290 [00:00<00:00, 555.28it/s, Materializing param=model.layers.20.self_attn.k_proj.weight]Loading weights:  86%|████████▌ | 248/290 [00:00<00:00, 555.28it/s, Materializing param=model.layers.20.self_attn.k_proj.weight]Loading weights:  86%|████████▌ | 249/290 [00:00<00:00, 555.28it/s, Materializing param=model.layers.20.self_attn.o_proj.weight]Loading weights:  86%|████████▌ | 249/290 [00:00<00:00, 555.28it/s, Materializing param=model.layers.20.self_attn.o_proj.weight]Loading weights:  86%|████████▌ | 250/290 [00:00<00:00, 555.28it/s, Materializing param=model.layers.20.self_attn.q_proj.bias]  Loading weights:  86%|████████▌ | 250/290 [00:00<00:00, 555.28it/s, Materializing param=model.layers.20.self_attn.q_proj.bias]Loading weights:  87%|████████▋ | 251/290 [00:00<00:00, 555.28it/s, Materializing param=model.layers.20.self_attn.q_proj.weight]Loading weights:  87%|████████▋ | 251/290 [00:00<00:00, 555.28it/s, Materializing param=model.layers.20.self_attn.q_proj.weight]Loading weights:  87%|████████▋ | 252/290 [00:00<00:00, 555.28it/s, Materializing param=model.layers.20.self_attn.v_proj.bias]  Loading weights:  87%|████████▋ | 252/290 [00:00<00:00, 555.28it/s, Materializing param=model.layers.20.self_attn.v_proj.bias]Loading weights:  87%|████████▋ | 253/290 [00:00<00:00, 555.28it/s, Materializing param=model.layers.20.self_attn.v_proj.weight]Loading weights:  87%|████████▋ | 253/290 [00:00<00:00, 555.28it/s, Materializing param=model.layers.20.self_attn.v_proj.weight]Loading weights:  88%|████████▊ | 254/290 [00:00<00:00, 555.28it/s, Materializing param=model.layers.21.input_layernorm.weight] Loading weights:  88%|████████▊ | 254/290 [00:00<00:00, 555.28it/s, Materializing param=model.layers.21.input_layernorm.weight]Loading weights:  88%|████████▊ | 255/290 [00:00<00:00, 555.28it/s, Materializing param=model.layers.21.mlp.down_proj.weight]  Loading weights:  88%|████████▊ | 255/290 [00:00<00:00, 555.28it/s, Materializing param=model.layers.21.mlp.down_proj.weight]Loading weights:  88%|████████▊ | 256/290 [00:00<00:00, 555.28it/s, Materializing param=model.layers.21.mlp.gate_proj.weight]Loading weights:  88%|████████▊ | 256/290 [00:00<00:00, 555.28it/s, Materializing param=model.layers.21.mlp.gate_proj.weight]Loading weights:  89%|████████▊ | 257/290 [00:00<00:00, 555.28it/s, Materializing param=model.layers.21.mlp.up_proj.weight]  Loading weights:  89%|████████▊ | 257/290 [00:00<00:00, 555.28it/s, Materializing param=model.layers.21.mlp.up_proj.weight]Loading weights:  89%|████████▉ | 258/290 [00:00<00:00, 555.28it/s, Materializing param=model.layers.21.post_attention_layernorm.weight]Loading weights:  89%|████████▉ | 258/290 [00:00<00:00, 555.28it/s, Materializing param=model.layers.21.post_attention_layernorm.weight]Loading weights:  89%|████████▉ | 259/290 [00:00<00:00, 555.28it/s, Materializing param=model.layers.21.self_attn.k_proj.bias]          Loading weights:  89%|████████▉ | 259/290 [00:00<00:00, 555.28it/s, Materializing param=model.layers.21.self_attn.k_proj.bias]Loading weights:  90%|████████▉ | 260/290 [00:00<00:00, 555.28it/s, Materializing param=model.layers.21.self_attn.k_proj.weight]Loading weights:  90%|████████▉ | 260/290 [00:00<00:00, 555.28it/s, Materializing param=model.layers.21.self_attn.k_proj.weight]Loading weights:  90%|█████████ | 261/290 [00:00<00:00, 555.28it/s, Materializing param=model.layers.21.self_attn.o_proj.weight]Loading weights:  90%|█████████ | 261/290 [00:00<00:00, 555.28it/s, Materializing param=model.layers.21.self_attn.o_proj.weight]Loading weights:  90%|█████████ | 262/290 [00:00<00:00, 555.28it/s, Materializing param=model.layers.21.self_attn.q_proj.bias]  Loading weights:  90%|█████████ | 262/290 [00:00<00:00, 555.28it/s, Materializing param=model.layers.21.self_attn.q_proj.bias]Loading weights:  91%|█████████ | 263/290 [00:00<00:00, 555.28it/s, Materializing param=model.layers.21.self_attn.q_proj.weight]Loading weights:  91%|█████████ | 263/290 [00:00<00:00, 555.28it/s, Materializing param=model.layers.21.self_attn.q_proj.weight]Loading weights:  91%|█████████ | 264/290 [00:00<00:00, 555.28it/s, Materializing param=model.layers.21.self_attn.v_proj.bias]  Loading weights:  91%|█████████ | 264/290 [00:00<00:00, 555.28it/s, Materializing param=model.layers.21.self_attn.v_proj.bias]Loading weights:  91%|█████████▏| 265/290 [00:00<00:00, 555.28it/s, Materializing param=model.layers.21.self_attn.v_proj.weight]Loading weights:  91%|█████████▏| 265/290 [00:00<00:00, 555.28it/s, Materializing param=model.layers.21.self_attn.v_proj.weight]Loading weights:  92%|█████████▏| 266/290 [00:00<00:00, 555.28it/s, Materializing param=model.layers.22.input_layernorm.weight] Loading weights:  92%|█████████▏| 266/290 [00:00<00:00, 555.28it/s, Materializing param=model.layers.22.input_layernorm.weight]Loading weights:  92%|█████████▏| 267/290 [00:00<00:00, 555.28it/s, Materializing param=model.layers.22.mlp.down_proj.weight]  Loading weights:  92%|█████████▏| 267/290 [00:00<00:00, 555.28it/s, Materializing param=model.layers.22.mlp.down_proj.weight]Loading weights:  92%|█████████▏| 268/290 [00:00<00:00, 555.28it/s, Materializing param=model.layers.22.mlp.gate_proj.weight]Loading weights:  92%|█████████▏| 268/290 [00:00<00:00, 555.28it/s, Materializing param=model.layers.22.mlp.gate_proj.weight]Loading weights:  93%|█████████▎| 269/290 [00:00<00:00, 555.28it/s, Materializing param=model.layers.22.mlp.up_proj.weight]  Loading weights:  93%|█████████▎| 269/290 [00:00<00:00, 555.28it/s, Materializing param=model.layers.22.mlp.up_proj.weight]Loading weights:  93%|█████████▎| 270/290 [00:00<00:00, 555.28it/s, Materializing param=model.layers.22.post_attention_layernorm.weight]Loading weights:  93%|█████████▎| 270/290 [00:00<00:00, 555.28it/s, Materializing param=model.layers.22.post_attention_layernorm.weight]Loading weights:  93%|█████████▎| 271/290 [00:00<00:00, 555.28it/s, Materializing param=model.layers.22.self_attn.k_proj.bias]          Loading weights:  93%|█████████▎| 271/290 [00:00<00:00, 555.28it/s, Materializing param=model.layers.22.self_attn.k_proj.bias]Loading weights:  94%|█████████▍| 272/290 [00:00<00:00, 555.28it/s, Materializing param=model.layers.22.self_attn.k_proj.weight]Loading weights:  94%|█████████▍| 272/290 [00:00<00:00, 555.28it/s, Materializing param=model.layers.22.self_attn.k_proj.weight]Loading weights:  94%|█████████▍| 273/290 [00:00<00:00, 555.28it/s, Materializing param=model.layers.22.self_attn.o_proj.weight]Loading weights:  94%|█████████▍| 273/290 [00:00<00:00, 555.28it/s, Materializing param=model.layers.22.self_attn.o_proj.weight]Loading weights:  94%|█████████▍| 274/290 [00:00<00:00, 555.28it/s, Materializing param=model.layers.22.self_attn.q_proj.bias]  Loading weights:  94%|█████████▍| 274/290 [00:00<00:00, 555.28it/s, Materializing param=model.layers.22.self_attn.q_proj.bias]Loading weights:  95%|█████████▍| 275/290 [00:00<00:00, 555.28it/s, Materializing param=model.layers.22.self_attn.q_proj.weight]Loading weights:  95%|█████████▍| 275/290 [00:00<00:00, 555.28it/s, Materializing param=model.layers.22.self_attn.q_proj.weight]Loading weights:  95%|█████████▌| 276/290 [00:00<00:00, 555.28it/s, Materializing param=model.layers.22.self_attn.v_proj.bias]  Loading weights:  95%|█████████▌| 276/290 [00:00<00:00, 555.28it/s, Materializing param=model.layers.22.self_attn.v_proj.bias]Loading weights:  96%|█████████▌| 277/290 [00:00<00:00, 555.28it/s, Materializing param=model.layers.22.self_attn.v_proj.weight]Loading weights:  96%|█████████▌| 277/290 [00:00<00:00, 555.28it/s, Materializing param=model.layers.22.self_attn.v_proj.weight]Loading weights:  96%|█████████▌| 278/290 [00:00<00:00, 555.28it/s, Materializing param=model.layers.23.input_layernorm.weight] Loading weights:  96%|█████████▌| 278/290 [00:00<00:00, 555.28it/s, Materializing param=model.layers.23.input_layernorm.weight]Loading weights:  96%|█████████▌| 279/290 [00:00<00:00, 555.28it/s, Materializing param=model.layers.23.mlp.down_proj.weight]  Loading weights:  96%|█████████▌| 279/290 [00:00<00:00, 555.28it/s, Materializing param=model.layers.23.mlp.down_proj.weight]Loading weights:  97%|█████████▋| 280/290 [00:00<00:00, 555.28it/s, Materializing param=model.layers.23.mlp.gate_proj.weight]Loading weights:  97%|█████████▋| 280/290 [00:00<00:00, 555.28it/s, Materializing param=model.layers.23.mlp.gate_proj.weight]Loading weights:  97%|█████████▋| 281/290 [00:00<00:00, 555.28it/s, Materializing param=model.layers.23.mlp.up_proj.weight]  Loading weights:  97%|█████████▋| 281/290 [00:00<00:00, 555.28it/s, Materializing param=model.layers.23.mlp.up_proj.weight]Loading weights:  97%|█████████▋| 282/290 [00:00<00:00, 555.28it/s, Materializing param=model.layers.23.post_attention_layernorm.weight]Loading weights:  97%|█████████▋| 282/290 [00:00<00:00, 555.28it/s, Materializing param=model.layers.23.post_attention_layernorm.weight]Loading weights:  98%|█████████▊| 283/290 [00:00<00:00, 555.28it/s, Materializing param=model.layers.23.self_attn.k_proj.bias]          Loading weights:  98%|█████████▊| 283/290 [00:00<00:00, 555.28it/s, Materializing param=model.layers.23.self_attn.k_proj.bias]Loading weights:  98%|█████████▊| 284/290 [00:00<00:00, 555.28it/s, Materializing param=model.layers.23.self_attn.k_proj.weight]Loading weights:  98%|█████████▊| 284/290 [00:00<00:00, 555.28it/s, Materializing param=model.layers.23.self_attn.k_proj.weight]Loading weights:  98%|█████████▊| 285/290 [00:00<00:00, 555.28it/s, Materializing param=model.layers.23.self_attn.o_proj.weight]Loading weights:  98%|█████████▊| 285/290 [00:00<00:00, 555.28it/s, Materializing param=model.layers.23.self_attn.o_proj.weight]Loading weights:  99%|█████████▊| 286/290 [00:00<00:00, 555.28it/s, Materializing param=model.layers.23.self_attn.q_proj.bias]  Loading weights:  99%|█████████▊| 286/290 [00:00<00:00, 555.28it/s, Materializing param=model.layers.23.self_attn.q_proj.bias]Loading weights:  99%|█████████▉| 287/290 [00:00<00:00, 555.28it/s, Materializing param=model.layers.23.self_attn.q_proj.weight]Loading weights:  99%|█████████▉| 287/290 [00:00<00:00, 555.28it/s, Materializing param=model.layers.23.self_attn.q_proj.weight]Loading weights:  99%|█████████▉| 288/290 [00:00<00:00, 555.28it/s, Materializing param=model.layers.23.self_attn.v_proj.bias]  Loading weights:  99%|█████████▉| 288/290 [00:00<00:00, 555.28it/s, Materializing param=model.layers.23.self_attn.v_proj.bias]Loading weights: 100%|█████████▉| 289/290 [00:00<00:00, 555.28it/s, Materializing param=model.layers.23.self_attn.v_proj.weight]Loading weights: 100%|█████████▉| 289/290 [00:00<00:00, 555.28it/s, Materializing param=model.layers.23.self_attn.v_proj.weight]Loading weights: 100%|██████████| 290/290 [00:00<00:00, 641.95it/s, Materializing param=model.layers.23.self_attn.v_proj.weight]Loading weights: 100%|██████████| 290/290 [00:00<00:00, 641.95it/s, Materializing param=model.norm.weight]                      Loading weights: 100%|██████████| 290/290 [00:00<00:00, 641.95it/s, Materializing param=model.norm.weight]Loading weights: 100%|██████████| 290/290 [00:00<00:00, 515.83it/s, Materializing param=model.norm.weight]
The following generation flags are not valid and may be ignored: ['temperature', 'top_p', 'top_k']. Set `TRANSFORMERS_VERBOSITY=info` for more details.
The attention mask is not set and cannot be inferred from input because pad token is same as eos token. As a consequence, you may observe unexpected behavior. Please pass your input's `attention_mask` to obtain reliable results.
evaluating 16 held-out windows from 40 scenes | backbone Qwen/Qwen2.5-0.5B-Instruct | cuda

run                    exact match    manoeuvre accuracy           numeric mae    hallucination rate
----------------------------------------------------------------------------------------------------
full                   0.000                 1.000                 0.290                 0.042      
no_camera              0.062 (+0.06)           1.000                 0.471 (+0.18)           0.021 (-0.02)
no_can                 0.000                 1.000                 1.079 (+0.79)           0.250 (+0.21)
no_radar               0.000                 1.000                 3.460 (+3.17)           0.091 (+0.05)
no_audio               0.000                 1.000                 3.826 (+3.54)           0.140 (+0.10)

8 imperfect predictions of 16

  [cruise] worst numeric error 1.1
    ref:  Steady cruising at 10.2 m/s, steering within 1 deg and no brake demand. Lead vehicle steady near 30 m.
    pred: Steady cruising at 11.3 m/s, steering within 1 deg and no brake demand. Lead vehicle steady near 30 m.

  [cruise] worst numeric error 1.0
    ref:  Steady cruising at 10.2 m/s, steering within 2 deg and no brake demand. Lead vehicle steady near 30 m.
    pred: Steady cruising at 10.4 m/s, steering within 1 deg and no brake demand. Lead vehicle steady near 30 m.

  [cruise] worst numeric error 1.0
    ref:  Steady cruising at 10.2 m/s, steering within 2 deg and no brake demand. Lead vehicle steady near 30 m. Sensor coverage incomplete this window: radar.
    pred: Steady cruising at 10.4 m/s, steering within 1 deg and no brake demand. Lead vehicle steady near 30 m.

wrote /kaggle/working/eval_qwen05b/eval.json, /kaggle/working/eval_qwen05b/ablation.md, /kaggle/working/eval_qwen05b/failures.json
